<?xml version="1.0" encoding="UTF-8"?>
<jcr:root xmlns:sling="http://sling.apache.org/jcr/sling/1.0" xmlns:cq="http://www.day.com/jcr/cq/1.0" xmlns:jcr="http://www.jcp.org/jcr/1.0" xmlns:mix="http://www.jcp.org/jcr/mix/1.0" xmlns:nt="http://www.jcp.org/jcr/nt/1.0"
    jcr:primaryType="cq:Page">
    <jcr:content
        cq:lastModified="{Date}2018-09-04T08:16:13.421-05:00"
        cq:lastModifiedBy="jbwolni"
        cq:lastReplicated="{Date}2018-09-03T14:44:53.781-05:00"
        cq:lastReplicatedBy="jbwolni"
        cq:lastReplicationAction="Activate"
        cq:template="/conf/intranet/settings/wcm/templates/two-column"
        jcr:description="This is the landing page for Communications and Marketing."
        jcr:isCheckedOut="{Boolean}true"
        jcr:mixinTypes="[mix:versionable]"
        jcr:primaryType="cq:PageContent"
        jcr:title="Communications and Marketing"
        jcr:uuid="a3522c55-299a-4826-9c42-3ee2d4da032d"
        sling:resourceType="intranet/components/structure/page"
        navTitle="Communications and Marketing"
        pageTitle="Communications and Marketing">
        <root
            jcr:primaryType="nt:unstructured"
            sling:resourceType="wcm/foundation/components/responsivegrid">
            <responsivegrid
                jcr:created="{Date}2017-11-08T16:26:31.059-08:00"
                jcr:createdBy="admin"
                jcr:lastModified="{Date}2017-11-08T16:26:56.323-08:00"
                jcr:lastModifiedBy="admin"
                jcr:primaryType="nt:unstructured"
                sling:resourceType="wcm/foundation/components/responsivegrid"/>
            <responsivegrid_1653223910
                jcr:created="{Date}2018-01-09T15:10:33.786-08:00"
                jcr:createdBy="admin"
                jcr:lastModified="{Date}2018-01-09T15:12:20.577-08:00"
                jcr:lastModifiedBy="admin"
                jcr:primaryType="nt:unstructured"
                sling:resourceType="wcm/foundation/components/responsivegrid">
                <responsivegrid
                    jcr:created="{Date}2018-01-09T15:12:34.310-08:00"
                    jcr:createdBy="admin"
                    jcr:lastModified="{Date}2018-01-09T15:13:07.654-08:00"
                    jcr:lastModifiedBy="admin"
                    jcr:primaryType="nt:unstructured"
                    sling:resourceType="wcm/foundation/components/responsivegrid"/>
            </responsivegrid_1653223910>
            <responsivegrid_1196960364
                jcr:created="{Date}2018-01-09T15:10:14.868-08:00"
                jcr:createdBy="admin"
                jcr:lastModified="{Date}2018-01-09T15:12:07.751-08:00"
                jcr:lastModifiedBy="admin"
                jcr:primaryType="nt:unstructured"
                sling:resourceType="wcm/foundation/components/responsivegrid"/>
            <responsivegrid_453904728
                jcr:created="{Date}2018-01-09T16:52:11.160-08:00"
                jcr:createdBy="admin"
                jcr:lastModified="{Date}2018-01-09T16:52:45.058-08:00"
                jcr:lastModifiedBy="admin"
                jcr:primaryType="nt:unstructured"
                sling:resourceType="wcm/foundation/components/responsivegrid"/>
        </root>
    </jcr:content>
    <brand-identity-guidelines/>
    <communication-resources/>
    <press-releases-redirect/>
    <social-media-redirect/>
    <sponsorships/>
    <us-bank-daily-news-update/>
    <us-bank-newsroom-redirect/>
    <usb-wiki/>
    <video-portal/>
</jcr:root>
