<?xml version="1.0" encoding="UTF-8"?>
<jcr:root xmlns:sling="http://sling.apache.org/jcr/sling/1.0" xmlns:cq="http://www.day.com/jcr/cq/1.0" xmlns:jcr="http://www.jcp.org/jcr/1.0"
    cq:lastReplicated="{Date}2013-06-17T21:01:23.060-04:00"
    cq:lastReplicatedBy="admin"
    cq:lastReplicationAction="Activate"
    jcr:mixinTypes="[cq:ReplicationStatus]"
    jcr:primaryType="sling:OrderedFolder">
    <www.lupronped.com/>
    <www_lupronped_com/>
    <www.abbvie.ua/>
    <www_abbvie_ua/>
    <www_abbvie_com_au/>
    <www.abbvie.com.au/>
    <www_abbvie_com_my/>
    <www.abbvie.com.my/>
    <www_abbvie_com_cn/>
    <www.abbvie.com.cn/>
    <www_abbvie_co_nz/>
    <www.abbvie.co.nz/>
    <www_abbvie_com_ar/>
    <www.abbvie.com.ar/>
    <www_abbvie_com_hk/>
    <www.abbvie.com.hk/>
    <www_abbvie_com_tw/>
    <www.abbvie.com.tw/>
    <www_abbvie_com_sg/>
    <www.abbvie.com.sg/>
    <www_abbvie_at/>
    <www.abbvie.at/>
    <www_abbvie_es/>
    <www.abbvie.es/>
    <www_abbvie_ie/>
    <www.abbvie.ie/>
    <www_abbvie_de/>
    <www.abbvie.de/>
    <www_abbvie_com_mx/>
    <www.abbvie.com.mx/>
    <www_abbvie_nl/>
    <www.abbvie.nl/>
    <www_abbvie_fr/>
    <www.abbvie.fr/>
    <www_abbvie_dk/>
    <www.abbvie.dk/>
    <www_abbvie_com_co/>
    <www.abbvie.com.co/>
    <www_abbvie_cz/>
    <www.abbvie.cz/>
    <www_abbvie_gr/>
    <www.abbvie.gr/>
    <www_abbvie_hu/>
    <www.abbvie.hu/>
    <www_abbvie_no/>
    <www.abbvie.no/>
    <www_abbvie_ru/>
    <www.abbvie.ru/>
    <www_abbvie_it/>
    <www.abbvie.it/>
    <www_abbvie_pt/>
    <www.abbvie.pt/>
    <www_abbvie_sk/>
    <www.abbvie.sk/>
    <www_abbvie_com_tr/>
    <www.abbvie.com.tr/>
    <www_abbvie_co_kr/>
    <www.abbvie.co.kr/>
    <www_abbvie_se/>
    <www.abbvie.se/>
    <www_abbvie_fi/>
    <www.abbvie.fi/>
    <www_abbvie_pl/>
    <www.abbvie.pl/>
    <www_abbvie_co_jp/>
    <www.abbvie.co.jp/>
    <www_abbvie_ca/>
    <www.abbvie.ca/>
    <www_abbvie_ch/>
    <www.abbvie.ch/>
    <www_abbvie_be/>
    <www.abbvie.be/>
    <www_abbvie_co_il/>
    <www.abbvie.co.il/>
    <analytics_abbvie_com/>
    <analytics.abbvie.com/>
    <www_abbvie_com_br/>
    <www.abbvie.com.br/>
    <www_neluitournezpasledos_fr/>
    <www.neluitournezpasledos.fr/>
    <www_derkrankheitaufrechtbegegnen_de/>
    <www.derkrankheitaufrechtbegegnen.de/>
    <www_dontturnyourbackonit_co_uk/>
    <www.dontturnyourbackonit.co.uk/>
    <www_hsonline_ca/>
    <www.hsonline.ca/>
    <www_nonvoltarglilaschiena_it/>
    <www.nonvoltarglilaschiena.it/>
    <www.aresperanza.com/>
    <www_aresperanza_com/>
    <www.arjuntosporestacausa.com/>
    <www_arjuntosporestacausa_com/>
    <www.rzsdolaczdodzialania.pl/>
    <www_rzsdolaczdodzialania_pl/>
    <www_rajointhefight_com/>
    <www.rajointhefight.com/>
    <www.abbviecontractmfg.com/>
    <www_abbviecontractmfg_com/>
    <www_hsenligne_ca/>
    <www.hsenligne.ca/>
    <qrfeedbackglobal_abbvie_com/>
    <qrfeedbackglobal.abbvie.com/>
    <www_hidradenitisonline_nl/>
    <www.hidradenitisonline.nl/>
    <pmis_abbvie_com/>
    <pmis.abbvie.com/>
    <www.dontturnyourbackonit.co.nz/>
    <www_dontturnyourbackonit_co_nz/>
    <www.arunetealalucha.com/>
    <www_arunetealalucha_com/>
    <www.abbviephase1.com/>
    <www_abbviephase1_com/>
    <www_lapsoriasis_com_mx/>
    <www.lapsoriasis.com.mx/>
    <www_nuestrapsoriasis_com/>
    <www.nuestrapsoriasis.com/>
    <www_naovirecostas_pt/>
    <www.naovirecostas.pt/>
    <www_hsonline_se/>
    <www.hsonline.se/>
    <www_akne-inversa_at/>
    <www.akne-inversa.at/>
    <www_acneinversa_de/>
    <www.acneinversa.de/>
    <www_hs-online_it/>
    <www.hs-online.it/>
    <www_maladiedeverneuil_fr/>
    <www.maladiedeverneuil.fr/>
    <www_hsonline_no/>
    <www.hsonline.no/>
    <www_acneinversa_ch/>
    <www.acneinversa.ch/>
    <www_conocepsoriasis_com/>
    <www.conocepsoriasis.com/>
    <www_psoriasis_es/>
    <www.psoriasis.es/>
    <www_hidradenitissuppurativa_co_uk/>
    <www.hidradenitissuppurativa.co.uk/>
    <www_idrosadenitesuppurativa_it/>
    <www.idrosadenitesuppurativa.it/>
    <www_cviruset_no/>
    <www.cviruset.no/>
    <www.ikkegioppryggendin.no/>
    <www_ikkegioppryggendin_no/>
    <hcp.hepc.dk/>
    <hcp_hepc_dk/>
    <www.abbvie.com.uy/>
    <www_abbvie_com_uy/>
    <www.noledeslaespalda.com.ar/>
    <www_noledeslaespalda_com_ar/>
    <www.noledeslaespalda.com.uy/>
    <www_noledeslaespalda_com_uy/>
    <www_hsonline_pt/>
    <www.hsonline.pt/>
    <www.noledeslaespalda.com/>
    <www_noledeslaespalda_com/>
    <www_hs-online_dk/>
    <www.hs-online.dk/>
    <www_hsonline_com_hr/>
    <www.hsonline.com.hr/>
    <www_hsonline_sk/>
    <www.hsonline.sk/>
    <www_hidradenitis_hu/>
    <www.hidradenitis.hu/>
    <www_hs-online_si/>
    <www.hs-online.si/>
    <www_hsonline_cz/>
    <www.hsonline.cz/>
    <www_rxabbvie_com/>
    <www.rxabbvie.com/>
    <www_hsonline_co_il/>
    <www.hsonline.co.il/>
    <www_hs-online_com_au/>
    <www.hs-online.com.au/>
    <www_hsprosa_com/>
    <www.hsprosa.com/>
    <www_hsonlinepro_dk/>
    <www.hsonlinepro.dk/>
    <www_hsonlinepro_com/>
    <www.hsonlinepro.com/>
    <www_hsinfo_se/>
    <www.hsinfo.se/>
    <northstar_abbvie_com/>
    <northstar.abbvie.com/>
    <author.abbvie.com/>
    <author_abbvie_com/>
    <pawebteam_abbvie_com/>
    <pawebteam.abbvie.com/>
    <developmentuniversity_abbvie_com/>
    <developmentuniversity.abbvie.com/>
    <www_coukrywaskora_pl/>
    <www.coukrywaskora.pl/>
    <www_hidradenitislatinoamerica_com/>
    <www.hidradenitislatinoamerica.com/>
    <www_hidradenitis_cl/>
    <www.hidradenitis.cl/>
    <www.infocenter-gastro.de/>
    <www_infocenter-gastro_de/>
    <essaiscliniques.abbvie.fr/>
    <essaiscliniques_abbvie_fr/>
</jcr:root>
