<?xml version="1.0" encoding="UTF-8"?>
<jcr:root xmlns:sling="http://sling.apache.org/jcr/sling/1.0" xmlns:cq="http://www.day.com/jcr/cq/1.0" xmlns:jcr="http://www.jcp.org/jcr/1.0" xmlns:nt="http://www.jcp.org/jcr/nt/1.0"
    jcr:primaryType="cq:Page">
    <jcr:content
        cq:lastModified="{Date}2017-11-14T07:49:37.480-08:00"
        cq:lastModifiedBy="admin"
        cq:template="/conf/intranet/settings/wcm/templates/two-column"
        jcr:mixinTypes="[]"
        jcr:primaryType="cq:PageContent"
        jcr:title="Home"
        sling:resourceType="intranet/components/structure/page"
        pageTitle="Intranet Home">
        <root
            jcr:primaryType="nt:unstructured"
            sling:resourceType="wcm/foundation/components/responsivegrid">
            <responsivegrid
                jcr:created="{Date}2017-11-08T16:26:31.059-08:00"
                jcr:createdBy="admin"
                jcr:lastModified="{Date}2017-11-08T16:26:56.323-08:00"
                jcr:lastModifiedBy="admin"
                jcr:primaryType="nt:unstructured"
                sling:resourceType="wcm/foundation/components/responsivegrid">
                <text
                    jcr:created="{Date}2017-11-13T11:43:00.218-08:00"
                    jcr:createdBy="admin"
                    jcr:lastModified="{Date}2017-11-14T07:49:37.478-08:00"
                    jcr:lastModifiedBy="admin"
                    jcr:primaryType="nt:unstructured"
                    sling:resourceType="insideusb/components/content/text"
                    text="&lt;p>&amp;nbsp;&amp;nbsp;&lt;/p>&#xa;"
                    textIsRich="true"/>
            </responsivegrid>
        </root>
    </jcr:content>
    <resources/>
    <aboutus/>
    <logmeinto/>
    <fourth/>
    <another/>
    <nope/>
</jcr:root>
