<?xml version="1.0" encoding="UTF-8"?>
<jcr:root xmlns:sling="http://sling.apache.org/jcr/sling/1.0" xmlns:cq="http://www.day.com/jcr/cq/1.0" xmlns:jcr="http://www.jcp.org/jcr/1.0" xmlns:nt="http://www.jcp.org/jcr/nt/1.0"
    jcr:primaryType="nt:unstructured"
    jcr:title="Text &amp; Image"
    sling:resourceType="cq/gui/components/authoring/dialog">
    <content
        jcr:primaryType="nt:unstructured"
        sling:resourceType="granite/ui/components/foundation/container">
        <layout
            jcr:primaryType="nt:unstructured"
            sling:resourceType="granite/ui/components/foundation/layouts/fixedcolumns"/>
        <items jcr:primaryType="nt:unstructured">
            <column
                jcr:primaryType="nt:unstructured"
                sling:resourceType="granite/ui/components/foundation/container">
                <items jcr:primaryType="nt:unstructured">
                    <tabs
                        jcr:primaryType="nt:unstructured"
                        sling:resourceType="granite/ui/components/foundation/container">
                        <layout
                            jcr:primaryType="nt:unstructured"
                            sling:resourceType="granite/ui/components/foundation/layouts/tabs"
                            type="nav"/>
                        <items jcr:primaryType="nt:unstructured">
                            <configuration
                                jcr:primaryType="nt:unstructured"
                                jcr:title="Configuration"
                                sling:resourceType="granite/ui/components/foundation/section">
                                <items jcr:primaryType="nt:unstructured">
                                    <image
                                        jcr:primaryType="nt:unstructured"
                                        sling:resourceType="granite/ui/components/foundation/form/fileupload"
                                        allowUpload="{Boolean}false"
                                        autoStart="{Boolean}false"
                                        class="cq-droptarget"
                                        ddGroups="media"
                                        fieldLabel="File Upload"
										fieldDescription="Ideal dimensions: width of 1380px at 100%, width of 670px at 60%, width of 550px at 40%, width of 275px at 20%"
                                        fileNameParameter="./fileName"
                                        fileReferenceParameter="./fileReference"
                                        mimeTypes="[image]"
                                        multiple="{Boolean}false"
                                        name="./file"
                                        title="Image"
                                        uploadUrl="${suffix.path}"
                                        useHTML5="{Boolean}true"/>
                                    <layout
                                        jcr:primaryType="nt:unstructured"
                                        sling:resourceType="granite/ui/components/foundation/form/select"
                                        fieldLabel="Layout"
                                        name="./layout">
                                        <items jcr:primaryType="nt:unstructured">
                                            <normal
                                                jcr:primaryType="nt:unstructured"
                                                text="Image - Text"
                                                value="normal"/>
                                            <reverse
                                                jcr:primaryType="nt:unstructured"
                                                text="Text - Image"
                                                value="reverse"/>
                                        </items>
                                    </layout>
                                    <imageSize
                                        jcr:primaryType="nt:unstructured"
                                        sling:resourceType="granite/ui/components/foundation/form/select"
                                        fieldLabel="Image Size"
                                        name="./imageSize">
                                        <items jcr:primaryType="nt:unstructured">
                                            <twenty
                                                jcr:primaryType="nt:unstructured"
                                                text="20%"
                                                value="twenty-size"/>
                                            <fourty
                                                jcr:primaryType="nt:unstructured"
                                                text="40%"
                                                value="fourty-size"/>
                                            <sixty
                                                jcr:primaryType="nt:unstructured"
                                                text="60%"
                                                value="sixty-size"/>
                                            <hundred
                                                jcr:primaryType="nt:unstructured"
                                                text="100%"
                                                value="full-size"/>
                                        </items>
                                    </imageSize>
                                    <imageLink
                                            jcr:primaryType="nt:unstructured"
                                            sling:resourceType="granite/ui/components/foundation/form/pathbrowser"
                                            name="./imageLink"
                                            rootPath="/content"
                                            fieldLabel="Image Link"/>
                                    <target
                                            jcr:primaryType="nt:unstructured"
                                            sling:resourceType="granite/ui/components/foundation/form/select"
                                            fieldLabel="Image Link Target"
                                            name="./imageLinkTarget">
                                        <items jcr:primaryType="nt:unstructured">
                                            <self
                                                    jcr:primaryType="nt:unstructured"
                                                    text="This Window"
                                                    value="_self"/>
                                            <blank
                                                    jcr:primaryType="nt:unstructured"
                                                    text="New Window"
                                                    value="_blank"/>
                                        </items>
                                    </target>
                                    <paddingBottom
                                        jcr:primaryType="nt:unstructured"
                                        sling:resourceType="granite/ui/components/foundation/form/checkbox"
                                        class="paddingBottom"
                                        name="./paddingBottom"
                                        text="Padding-Bottom"
                                        value="true"/>
                                    <hint
                                        jcr:primaryType="nt:unstructured"
                                        sling:resourceType="granite/ui/components/foundation/text"
                                        text="** Note:    The text does not wrap in EDIT mode"/>
                                </items>
                            </configuration>
                        </items>
                    </tabs>
                </items>
            </column>
        </items>
    </content>
</jcr:root>