<?xml version="1.0" encoding="UTF-8"?>
<jcr:root xmlns:sling="http://sling.apache.org/jcr/sling/1.0" xmlns:cq="http://www.day.com/jcr/cq/1.0" xmlns:jcr="http://www.jcp.org/jcr/1.0" xmlns:mix="http://www.jcp.org/jcr/mix/1.0" xmlns:nt="http://www.jcp.org/jcr/nt/1.0"
    jcr:primaryType="cq:Page">
    <jcr:content
        cq:contextHubPath="/etc/cloudsettings/default/contexthub"
        cq:contextHubSegmentsPath="/etc/segmentation/contexthub"
        cq:lastModified="{Date}2018-08-31T10:12:15.207-05:00"
        cq:lastModifiedBy="jbwolni"
        cq:lastReplicated="{Date}2018-08-24T11:56:44.271-05:00"
        cq:lastReplicatedBy="jbwolni"
        cq:lastReplicationAction="Activate"
        cq:template="/conf/intranet/settings/wcm/templates/two-column"
        jcr:isCheckedOut="{Boolean}true"
        jcr:mixinTypes="[mix:versionable]"
        jcr:primaryType="cq:PageContent"
        jcr:title="Business Lines"
        jcr:uuid="7c62a0b5-3497-4acf-8cd7-8b3f9cbf02cf"
        sling:resourceType="intranet/components/structure/page">
        <root
            jcr:primaryType="nt:unstructured"
            sling:resourceType="wcm/foundation/components/responsivegrid">
            <responsivegrid
                jcr:created="{Date}2017-11-08T16:26:31.059-08:00"
                jcr:createdBy="admin"
                jcr:lastModified="{Date}2017-11-08T16:26:56.323-08:00"
                jcr:lastModifiedBy="admin"
                jcr:primaryType="nt:unstructured"
                sling:resourceType="wcm/foundation/components/responsivegrid"/>
            <responsivegrid_1653223910 jcr:primaryType="nt:unstructured">
                <responsivegrid
                    jcr:primaryType="nt:unstructured"
                    sling:resourceType="wcm/foundation/components/responsivegrid">
                    <collapsibletext
                        jcr:created="{Date}2018-08-24T11:32:57.156-05:00"
                        jcr:createdBy="jbwolni"
                        jcr:lastModified="{Date}2018-08-24T11:56:39.156-05:00"
                        jcr:lastModifiedBy="jbwolni"
                        jcr:primaryType="nt:unstructured"
                        sling:resourceType="intranet/components/content/collapsibleText"
                        mobiledefaultopen="true"
                        text="&lt;h2>Business Lines&lt;/h2>&#xd;&#xa;&lt;p>Our diversified lines of buiness are defined by revenue generation and strong ability to meet customer needs.&lt;br>&#xd;&#xa;&lt;br>&#xd;&#xa;&lt;/p>&#xd;&#xa;&lt;p>&lt;a href=&quot;/content/intranet/en-US/home/business-lines/community-banking-and-branch-delivery.html&quot;>Community Banking and Branch Delivery&lt;/a>&lt;/p>&#xd;&#xa;&lt;p>&lt;a href=&quot;/content/intranet/en-US/home/business-lines/community-banking-sales-and-services.html&quot;>Community Banking Sales and Service&lt;/a>&lt;/p>&#xd;&#xa;&lt;p>&lt;a href=&quot;/content/intranet/en-US/home/business-lines/corporate-and-commercial-banking.html&quot;>Corporate &amp;amp; Commercial Banking&lt;/a>&lt;/p>&#xd;&#xa;&lt;p>&lt;a href=&quot;/content/intranet/en-US/home/business-lines/payment-services.html&quot;>Payment Services&lt;/a>&lt;/p>&#xd;&#xa;&lt;p>&lt;a href=&quot;/content/intranet/en-US/home/business-lines/wealthmanagementandinvestmentservices.html&quot;>Wealth Management and Investment Services&lt;/a>&lt;/p>&#xd;&#xa;&lt;p>&amp;nbsp;&lt;/p>&#xd;&#xa;&lt;h2>Corporate Support Functions&lt;/h2>&#xd;&#xa;&lt;p>Our corporate support functions make it possible for our revenue generating business lines to do what they do.&lt;/p>&#xd;&#xa;&lt;p>&amp;nbsp;&lt;/p>&#xd;&#xa;&lt;p>&lt;a href=&quot;/content/intranet/en-US/home/business-lines/finance.html&quot;>Finance&lt;/a>&lt;br>&#xd;&#xa;&lt;/p>&#xd;&#xa;&lt;p>&lt;a href=&quot;/content/intranet/en-US/home/business-lines/legal.html&quot;>Legal&lt;/a>&lt;/p>&#xd;&#xa;&lt;p>&lt;a href=&quot;/content/intranet/en-US/home/business-lines/risk-management-and-compliance.html&quot;>Risk Management &amp;amp; Compliance&lt;/a>&lt;/p>&#xd;&#xa;&lt;p>&lt;a href=&quot;/content/intranet/en-US/home/business-lines/strategy-hr-and-corporate-affairs.html&quot;>Strategy, HR and Corporate Affairs&lt;/a>&lt;/p>&#xd;&#xa;&lt;p>&lt;a href=&quot;/content/intranet/en-US/home/business-lines/technology-and-operations-services.html&quot;>Technology&amp;nbsp;and Operations Services&lt;/a>&amp;nbsp;&lt;/p>&#xd;&#xa;&lt;p>&amp;nbsp;&amp;nbsp;&amp;nbsp;&amp;nbsp;&amp;nbsp;&lt;/p>&#xd;&#xa;&lt;h3>Corporate Audit Services (internal)&amp;nbsp;&lt;/h3>&#xd;&#xa;"
                        textIsRich="true"/>
                </responsivegrid>
            </responsivegrid_1653223910>
        </root>
    </jcr:content>
    <community-banking-and-branch-delivery/>
    <community-banking-sales-and-services/>
    <corporate-audit-services/>
    <corporate-and-commercial-banking/>
    <finance/>
    <legal/>
    <payment-services/>
    <risk-management-and-compliance/>
    <strategy-hr-and-corporate-affairs/>
    <technology-and-operations-services/>
    <wealthmanagementandinvestmentservices/>
</jcr:root>
