<?xml version="1.0" encoding="UTF-8"?>
<jcr:root xmlns:sling="http://sling.apache.org/jcr/sling/1.0" xmlns:granite="http://www.adobe.com/jcr/granite/1.0" xmlns:cq="http://www.day.com/jcr/cq/1.0" xmlns:jcr="http://www.jcp.org/jcr/1.0" xmlns:nt="http://www.jcp.org/jcr/nt/1.0"
    jcr:primaryType="nt:unstructured"
    jcr:title="Browse All News"
    sling:resourceType="cq/gui/components/authoring/dialog">
    <content
        jcr:primaryType="nt:unstructured"
	        sling:resourceType="granite/ui/components/coral/foundation/container">
	        <items jcr:primaryType="nt:unstructured">
	            <fixedcolums
	                jcr:primaryType="nt:unstructured"
	                sling:resourceType="granite/ui/components/coral/foundation/fixedcolumns">
	                <items jcr:primaryType="nt:unstructured">
	                    <properties
	                        jcr:primaryType="nt:unstructured"
	                        jcr:title="Article Archive Properties"
	                        sling:resourceType="granite/ui/components/coral/foundation/container">
	                        <items jcr:primaryType="nt:unstructured">
	                            <depth
	                                jcr:primaryType="nt:unstructured"
	                                sling:resourceType="granite/ui/components/coral/foundation/form/numberfield"
	                                fieldDescription="(eg: 1 for /content/site)"
	                                fieldLabel="Depth of archive tree to display"
	                                max="100"
	                                min="1"
	                                name="./depth"
	                                step="1"
	                                value="2"/>
	                              <startPath
	    							jcr:primaryType="nt:unstructured"
	    							sling:resourceType="granite/ui/components/coral/foundation/form/pathbrowser"
	    							rootPath="/content/intranet/en-US/home"
	    							emptyText="Path to target page"
	    							fieldLabel="Archive Start Page"
									name="./startPath"/>                            
	                        </items>
	                    </properties>
	                </items>
	            </fixedcolums>
	        </items>
    </content>
</jcr:root>