<?xml version="1.0" encoding="UTF-8"?>
<jcr:root xmlns:sling="http://sling.apache.org/jcr/sling/1.0" xmlns:cq="http://www.day.com/jcr/cq/1.0" xmlns:jcr="http://www.jcp.org/jcr/1.0" xmlns:nt="http://www.jcp.org/jcr/nt/1.0"
          jcr:primaryType="nt:unstructured"
          jcr:title="Download List"
          sling:resourceType="cq/gui/components/authoring/dialog"
          helpPath="en/cq/current/wcm/default_components.html#Text">
    <content
            jcr:primaryType="nt:unstructured"
            sling:resourceType="granite/ui/components/foundation/container">
        <layout
                jcr:primaryType="nt:unstructured"
                sling:resourceType="granite/ui/components/foundation/layouts/tabs"
                type="nav"/>
        <items jcr:primaryType="nt:unstructured">
            <configuration
                    jcr:primaryType="nt:unstructured"
                    jcr:title="Configuration"
                    sling:resourceType="granite/ui/components/foundation/section">
                <layout
                        jcr:primaryType="nt:unstructured"
                        sling:resourceType="granite/ui/components/foundation/layouts/fixedcolumns"/>
                <items jcr:primaryType="nt:unstructured">
                    <column
                            jcr:primaryType="nt:unstructured"
                            sling:resourceType="granite/ui/components/foundation/container">
                        <items jcr:primaryType="nt:unstructured">
                            <configuration
                                    jcr:primaryType="nt:unstructured"
                                    jcr:title="Configuration"
                                    sling:resourceType="granite/ui/components/foundation/section">
                                <items jcr:primaryType="nt:unstructured">
                                    <downloadList
                                            jcr:primaryType="nt:unstructured"
                                            sling:resourceType="granite/ui/components/foundation/form/select"
                                            class="cq-dialog-dropdown-showhide"
                                            cq-dialog-dropdown-showhide-target=".type-show-hide"
                                            fieldLabel="List Type"
                                            name="./listType">
                                        <items jcr:primaryType="nt:unstructured">
                                            <parent
                                                    jcr:primaryType="nt:unstructured"
                                                    text="Parent"
                                                    value="parent"/>
                                            <manual
                                                    jcr:primaryType="nt:unstructured"
                                                    text="Manual"
                                                    value="manual"/>
                                            <tag
                                                    jcr:primaryType="nt:unstructured"
                                                    text="Tag"
                                                    value="tag"/>
                                        </items>
                                    </downloadList>
                                    <links
                                            jcr:primaryType="nt:unstructured"
                                            sling:resourceType="/apps/adp/components/granite/ui/components/form/structuredMultifield"
                                            class="type-show-hide hide"
                                            composite="{Boolean}true"
                                            eaem-nested=""
                                            fieldDescription="Click 'Add field' to add a new Link"
                                            fieldLabel="Lists"
                                            id="custom-wide-multifield"
                                            name="./lists"
                                            showhidetargetvalue="manual">
                                        <field
                                                jcr:primaryType="nt:unstructured"
                                                sling:resourceType="granite/ui/components/foundation/form/fieldset"
                                                name="/linkItem">
                                            <layout
                                                    jcr:primaryType="nt:unstructured"
                                                    sling:resourceType="granite/ui/components/foundation/layouts/fixedcolumns"
                                                    method="absolute"/>
                                            <items jcr:primaryType="nt:unstructured">
                                                <column
                                                        jcr:primaryType="nt:unstructured"
                                                        sling:resourceType="granite/ui/components/foundation/container">
                                                    <items jcr:primaryType="nt:unstructured">
                                                        <path
                                                                jcr:primaryType="nt:unstructured"
                                                                sling:resourceType="granite/ui/components/foundation/form/pathbrowser"
                                                                fieldLabel="Path"
                                                                name="./path"
                                                                rootPath="/content/dam"/>
                                                    </items>
                                                </column>
                                            </items>
                                        </field>
                                    </links>
                                    <parentPath
                                            jcr:primaryType="nt:unstructured"
                                            sling:resourceType="granite/ui/components/foundation/form/pathbrowser"
                                            class="type-show-hide hide"
                                            fieldLabel="Parent Path"
                                            name="./path"
                                            rootPath="/content/dam"
                                            showhidetargetvalue="parent"/>
                                    <tags
                                            jcr:primaryType="nt:unstructured"
                                            sling:resourceType="cq/gui/components/common/tagspicker"
                                            class="type-show-hide hide"
                                            fieldLabel="Tags"
                                            name="./tags"
                                            showhidetargetvalue="tag"/>
                                    <paginationType
                                            jcr:primaryType="nt:unstructured"
                                            sling:resourceType="granite/ui/components/foundation/form/radiogroup"
                                            fieldLabel="Type of pagination"
                                            text="Pagination type">
                                        <items jcr:primaryType="nt:unstructured">
                                            <seeAll
                                                    jcr:primaryType="nt:unstructured"
                                                    sling:resourceType="granite/ui/components/foundation/form/radio"
                                                    name="./paginationType"
                                                    text="See All"
                                                    value="seeAll"/>
                                            <seeMore
                                                    jcr:primaryType="nt:unstructured"
                                                    sling:resourceType="granite/ui/components/foundation/form/radio"
                                                    name="./paginationType"
                                                    text="See More"
                                                    value="seeMore"/>
                                        </items>
                                    </paginationType>
                                </items>
                            </configuration>
                        </items>
                    </column>
                </items>
            </configuration>
        </items>
    </content>
</jcr:root>