<?xml version="1.0" encoding="UTF-8"?>
<jcr:root xmlns:sling="http://sling.apache.org/jcr/sling/1.0" xmlns:jcr="http://www.jcp.org/jcr/1.0"
    jcr:primaryType="sling:OrderedFolder">
    <affiliate-q.abbvie.com/>
    <affiliate-q_abbvie_com/>
    <abbviestage.adobecqms.com/>
    <abbviestage_adobecqms_com/>
    <www-q.abbvie.com/>
    <www-q_abbvie_com/>
    <www-q.abbvie.com.au/>
    <www-q_abbvie_com_au/>
    <www-q.abbvie.com.my/>
    <www-q_abbvie_com_my/>
    <www-q.abbvie.com.cn/>
    <www-q_abbvie_com_cn/>
    <www-q.abbvie.co.nz/>
    <www-q_abbvie_co_nz/>
    <www-q.abbvie.com.ar/>
    <www-q_abbvie_com_ar/>
    <www-q.abbvie.com.tw/>
    <www-q_abbvie_com_tw/>
    <www-q.abbvie.com.sg/>
    <www-q_abbvie_com_sg/>
    <www-q.abbvie.at/>
    <www-q_abbvie_at/>
    <www-q.abbvie.es/>
    <www-q_abbvie_es/>
    <www-q.abbvie.ie/>
    <www-q_abbvie_ie/>
    <www-q.abbvie.com.mx/>
    <www-q_abbvie_com_mx/>
    <www-q.abbvie.nl/>
    <www-q_abbvie_nl/>
    <www-q.abbvie.fr/>
    <www-q_abbvie_fr/>
    <www-q.abbvie.dk/>
    <www-q_abbvie_dk/>
    <www-q.abbvie.com.co/>
    <www-q_abbvie_com_co/>
    <www-q.abbvie.cz/>
    <www-q_abbvie_cz/>
    <www-q.abbvie.gr/>
    <www-q_abbvie_gr/>
    <www-q.abbvie.hu/>
    <www-q_abbvie_hu/>
    <www-q.abbvie.no/>
    <www-q_abbvie_no/>
    <www-q.abbvie.ru/>
    <www-q_abbvie_ru/>
    <www-q.abbvie.it/>
    <www-q_abbvie_it/>
    <www-q.abbvie.pt/>
    <www-q_abbvie_pt/>
    <www-q.abbvie.sk/>
    <www-q_abbvie_sk/>
    <www-q.abbvie_com_tr/>
    <www-q.abbvie.com.tr/>
    <www-q.abbvie.se/>
    <www-q_abbvie_se/>
    <www-q.abbvie.fi/>
    <www-q_abbvie_fi/>
    <www-q.abbvie.pl/>
    <www-q_abbvie_pl/>
    <www-q.abbvie.ca/>
    <www-q_abbvie_ca/>
    <www-q.abbvie.ch/>
    <www-q_abbvie_ch/>
    <www-q.abbvie.be/>
    <www-q_abbvie_be/>
    <www-q.abbvie.co.il/>
    <www-q_abbvie_co_il/>
    <qrfeedbackglobal-q.abbvie.com/>
    <qrfeedbackglobal-q_abbvie_com/>
    <www-q.aresperanza.com/>
    <www-q_aresperanza_com/>
    <www-q.arjuntosporestacausa.com/>
    <www-q_arjuntosporestacausa_com/>
    <www-q.rzsdolaczdodzialania.pl/>
    <www-q_rzsdolaczdodzialania_pl/>
    <www-q.rajointhefight.com/>
    <www-q_rajointhefight_com/>
    <www-q.hsenligne.ca/>
    <www-q_hsenligne_ca/>
    <pmis-q.abbvie.com/>
    <pmis-q_abbvie_com/>
    <www-q.nuestrapsoriasis.com/>
    <www-q_nuestrapsoriasis_com/>
    <www-q.abbvie.de/>
    <www-q_abbvie_de/>
    <www-q.abbvie.co.kr/>
    <www-q_abbvie_co_kr/>
    <www-q.abbvie.co.jp/>
    <www-q_abbvie_co_jp/>
    <www-q.hsonline.se/>
    <www-q_hsonline_se/>
    <www-q.hs-online.it/>
    <www-q_hs-online_it/>
    <www-q.hsonline.no/>
    <www-q_hsonline_no/>
    <www-q.hs-online.dk/>
    <www-q_hs-online_dk/>
    <www-q.hidradenitissuppurativa.co.uk/>
    <www-q_hidradenitissuppurativa_co_uk/>
    <www-q.psoriasisonline.se/>
    <www-q_psoriasisonline_se/>
    <www-q.conocepsoriasis.com/>
    <www-q_conocepsoriasis_com/>
    <www-q.abbvie.com.uy/>
    <www-q_abbvie_com_uy/>
    <www-q.cviruset.no/>
    <www-q_cviruset_no/>
    <www-q.ikkegioppryggendin.no/>
    <www-q_ikkegioppryggendin_no/>
    <hcp-q.hepc.dk/>
    <hcp-q_hepc_dk/>
    <www-q.neluitournezpasledos.fr/>
    <www-q_neluitournezpasledos_fr/>
    <www-q.dontturnyourbackonit.co.uk/>
    <www-q_dontturnyourbackonit_co_uk/>
    <www-q.nonvoltarglilaschiena.it/>
    <www-q_nonvoltarglilaschiena_it/>
    <www-q.dontturnyourbackonit.co.nz/>
    <www-q_dontturnyourbackonit_co_nz/>
    <www-q.naovirecostas.pt/>
    <www-q_naovirecostas_pt/>
    <www-q.noledeslaespalda.com/>
    <www-q_noledeslaespalda_com/>
    <www-q.noledeslaespalda.com.ar/>
    <www-q_noledeslaespalda_com_ar/>
    <www-q.noledeslaespalda.com.uy/>
    <www-q_noledeslaespalda_com_uy/>
    <www-q.vale-plati.gr/>
    <www-q_vale-plati_gr/>
    <www-q.hsonline.ca/>
    <www-q_hsonline_ca/>
    <www-q.hsonline.pt/>
    <www-q_hsonline_pt/>
    <www-q.abbviecontractmfg.com/>
    <www-q_abbviecontractmfg_com/>
    <www-q.hsonline.co.il/>
    <www-q_hsonline_co_il/>
    <pawebteam-q.abbvie.com/>
    <pawebteam-q_abbvie_com/>
    <www-q.abbvie.com.sa/>
    <www-q_abbvie_com_sa/>
    <www-q.hsonline.com.hr/>
    <www-q_hsonline_com_hr/>
    <www-q.hsonline.cz/>
    <www-q_hsonline_cz/>
    <www-q.hsonline.sk/>
    <www-q_hsonline_sk/>
    <www-q.rxabbvie.com/>
    <www-q_rxabbvie_com/>
    <www-q.abbvie.com.br/>
    <www-q_abbvie_com_br/>
    <www-q.hs-online.com.au/>
    <www-q_hs-online_com_au/>
    <northstar-q_abbvie_com/>
    <northstar-q.abbvie.com/>
    <hsonlinepro-q_abbvie_com/>
    <hsonlinepro-q.abbvie.com/>
    <www-q_hsonlinepro_com/>
    <www-q.hsonlinepro.com/>
    <www-q_hsinfo_se/>
    <www-q.hsinfo.se/>
    <www-q_hsprosa_com/>
    <www-q.hsprosa.com/>
    <author-q_abbvie_com/>
    <author-q.abbvie.com/>
    <www-q_hsonline_ru/>
    <www-q.hsonline.ru/>
    <www-q_hsonlinepro_dk/>
    <www-q.hsonlinepro.dk/>
    <www-q_hidradenitislatinoamerica_com/>
    <www-q.hidradenitislatinoamerica.com/>
    <www-q_hidradenitis_cl/>
    <www-q.hidradenitis.cl/>
    <developmentuniversity-q.abbvie.com/>
    <developmentuniversity-q_abbvie_com/>
    <www-q.abbvie.com.hk/>
    <www-q_abbvie_com_hk/>
    <www-q.infocenter-gastro.de/>
    <www-q_infocenter-gastro_de/>
    <www-q_coukrywaskora_pl/>
    <www-q.coukrywaskora.pl/>
    <www-q.lupronped.com/>
    <www-q_lupronped_com/>
    <www-q.abbvie.ua/>
    <www-q_abbvie_ua/>
    <www-q_haematologie-fokus_de/>
    <www-q.haematologie-fokus.de/>
    <essaiscliniques-q.abbvie.fr/>
    <essaiscliniques-q_abbvie_fr/>
</jcr:root>
