<?xml version="1.0" encoding="UTF-8"?>
<jcr:root xmlns:sling="http://sling.apache.org/jcr/sling/1.0" xmlns:cq="http://www.day.com/jcr/cq/1.0" xmlns:jcr="http://www.jcp.org/jcr/1.0" xmlns:nt="http://www.jcp.org/jcr/nt/1.0"
    jcr:primaryType="nt:unstructured"
    jcr:title="Link List"
    sling:resourceType="cq/gui/components/authoring/dialog">
    <content
        jcr:primaryType="nt:unstructured"
        sling:resourceType="granite/ui/components/foundation/container">
        <layout
            jcr:primaryType="nt:unstructured"
            sling:resourceType="granite/ui/components/foundation/layouts/fixedcolumns"/>
        <items jcr:primaryType="nt:unstructured">
            <column
                jcr:primaryType="nt:unstructured"
                sling:resourceType="granite/ui/components/foundation/container">
                <items jcr:primaryType="nt:unstructured">
                    <tabs
                        jcr:primaryType="nt:unstructured"
                        sling:resourceType="granite/ui/components/foundation/container">
                        <layout
                            jcr:primaryType="nt:unstructured"
                            sling:resourceType="granite/ui/components/foundation/layouts/tabs"
                            type="nav"/>
                        <items jcr:primaryType="nt:unstructured">
                            <configuration
                                jcr:primaryType="nt:unstructured"
                                jcr:title="Configuration"
                                sling:resourceType="granite/ui/components/foundation/section">
                                <items jcr:primaryType="nt:unstructured">
                                    <linkListType
                                        jcr:primaryType="nt:unstructured"
                                        sling:resourceType="granite/ui/components/foundation/form/select"
                                        class="cq-dialog-dropdown-showhide"
                                        cq-dialog-dropdown-showhide-target=".type-show-hide"
                                        fieldLabel="Link List Type"
                                        name="./linkListType">
                                        <items jcr:primaryType="nt:unstructured">
                                            <parent
                                                jcr:primaryType="nt:unstructured"
                                                text="Parent"
                                                value="parent"/>
                                            <manual
                                                jcr:primaryType="nt:unstructured"
                                                text="Manual"
                                                value="manual"/>
                                            <tag
                                                jcr:primaryType="nt:unstructured"
                                                text="Tag"
                                                value="tag"/>
                                        </items>
                                    </linkListType>
                                    <links
                                        jcr:primaryType="nt:unstructured"
                                        sling:resourceType="/apps/adp/components/granite/ui/components/form/structuredMultifield"
                                        class="type-show-hide hide"
                                        composite="{Boolean}true"
                                        eaem-nested=""
                                        fieldDescription="Click 'Add field' to add a new Link"
                                        fieldLabel="Links"
                                        id="custom-wide-multifield"
                                        name="./links"
                                        showhidetargetvalue="manual">
                                        <field
                                            jcr:primaryType="nt:unstructured"
                                            sling:resourceType="granite/ui/components/foundation/form/fieldset"
                                            name="/linkItem">
                                            <layout
                                                jcr:primaryType="nt:unstructured"
                                                sling:resourceType="granite/ui/components/foundation/layouts/fixedcolumns"
                                                method="absolute"/>
                                            <items jcr:primaryType="nt:unstructured">
                                                <column
                                                    jcr:primaryType="nt:unstructured"
                                                    sling:resourceType="granite/ui/components/foundation/container">
                                                    <items jcr:primaryType="nt:unstructured">
                                                        <text
                                                            jcr:primaryType="nt:unstructured"
                                                            sling:resourceType="granite/ui/components/foundation/form/textfield"
                                                            fieldLabel="Text"
                                                            name="./text"/>
                                                        <path
                                                            jcr:primaryType="nt:unstructured"
                                                            sling:resourceType="granite/ui/components/foundation/form/pathbrowser"
                                                            fieldLabel="Path"
                                                            name="./path"
                                                            rootPath="/content"/>
                                                        <target
                                                            jcr:primaryType="nt:unstructured"
                                                            sling:resourceType="granite/ui/components/foundation/form/select"
                                                            fieldLabel="Target"
                                                            name="./target">
                                                            <items jcr:primaryType="nt:unstructured">
                                                                <self
                                                                    jcr:primaryType="nt:unstructured"
                                                                    text="This Window"
                                                                    value="_self"/>
                                                                <blank
                                                                    jcr:primaryType="nt:unstructured"
                                                                    selected="{Boolean}true"
                                                                    text="New Window"
                                                                    value="_blank"/>
                                                            </items>
                                                        </target>
                                                    </items>
                                                </column>
                                            </items>
                                        </field>
                                    </links>
                                    <parentPath
                                        jcr:primaryType="nt:unstructured"
                                        sling:resourceType="granite/ui/components/foundation/form/pathbrowser"
                                        class="type-show-hide hide"
                                        fieldLabel="Parent Path"
                                        name="./parentPath"
                                        rootPath="/content"
                                        showhidetargetvalue="parent"/>
                                    <tags
                                        jcr:primaryType="nt:unstructured"
                                        sling:resourceType="cq/gui/components/common/tagspicker"
                                        class="type-show-hide hide"
                                        fieldLabel="Tags"
                                        name="./tags"
                                        showhidetargetvalue="tag"/>
                                    <revealBox
                                        jcr:primaryType="nt:unstructured"
                                        sling:resourceType="granite/ui/components/foundation/form/checkbox"
                                        class="revealBox"
                                        name="./revealBox"
                                        text="Reveal Box"/>
                                </items>
                            </configuration>
                        </items>
                    </tabs>
                </items>
            </column>
        </items>
    </content>
</jcr:root>
