<?xml version="1.0" encoding="UTF-8"?>
<jcr:root 
    xmlns:sling="http://sling.apache.org/jcr/sling/1.0"
	xmlns:cq="http://www.day.com/jcr/cq/1.0" 
	xmlns:jcr="http://www.jcp.org/jcr/1.0" 
	xmlns:nt="http://www.jcp.org/jcr/nt/1.0"
    jcr:primaryType="nt:unstructured"
    jcr:title="Related Pages"
    sling:resourceType="cq/gui/components/authoring/dialog">
    <content
		jcr:primaryType="nt:unstructured"
		sling:resourceType="granite/ui/components/coral/foundation/container">
		<items jcr:primaryType="nt:unstructured">
			<tabs
				jcr:primaryType="nt:unstructured"
				jcr:title="Related Pages"
				sling:resourceType="granite/ui/components/coral/foundation/tabs"
				maximized="{Boolean}true">
					<items jcr:primaryType="nt:unstructured">
						<manualrelatedpages
							jcr:primaryType="nt:unstructured"
							jcr:title="Related Pages"
							sling:resourceType="granite/ui/components/coral/foundation/fixedcolumns"
							margin="{Boolean}true">
							<items jcr:primaryType="nt:unstructured">
								<column
									jcr:primaryType="nt:unstructured"
									sling:resourceType="granite/ui/components/coral/foundation/container">
									<items jcr:primaryType="nt:unstructured">
										<title
											jcr:primaryType="nt:unstructured" 
											sling:resourceType="granite/ui/components/coral/foundation/form/textfield"
											fieldDescription="Enter Title"
											fieldLabel="Enter Title"
											name="./title"/>  
										<manualrelatedpagesdetails
                                        	jcr:primaryType="nt:unstructured"
                                        	sling:resourceType="granite/ui/components/coral/foundation/form/multifield"
                                        	class="full-width"
                                        	fieldDescription="Click 'Add Field' to add a new Related Page link"
                                        	fieldLabel="Related Page"
                                        	maxpages="3"
                                        	composite="{Boolean}true">
											<field
												jcr:primaryType="nt:unstructured"
												sling:resourceType="granite/ui/components/coral/foundation/container"
												name="./manualPages">
												<items jcr:primaryType="nt:unstructured">
													<link
														jcr:primaryType="nt:unstructured"
														sling:resourceType="granite/ui/components/coral/foundation/form/pathfield"
														fieldDescription="Browse to Related Page"
														fieldLabel="Related Page Link"
														name="./link"
														rootPath="/content/intranet/home"/>
												</items>												
											</field>
										</manualrelatedpagesdetails>
									</items>
								</column>
							</items>
					</manualrelatedpages>
				</items>
			</tabs>
		</items>
	</content>
</jcr:root>