<?xml version="1.0" encoding="UTF-8"?>
<jcr:root 
	xmlns:sling="http://sling.apache.org/jcr/sling/1.0" 
	xmlns:cq="http://www.day.com/jcr/cq/1.0" 
	xmlns:jcr="http://www.jcp.org/jcr/1.0"
    jcr:description="Related Pages Component for Intranet"
    jcr:primaryType="cq:Component"
    jcr:title="Related Pages"
    componentGroup="Intranet.Content">
    <cq:design_dialog
    	jcr:primaryType="nt:unstructured"
    	jcr:title="Related Pages"
    	sling:resourceType="cq/gui/components/authoring/dialog">
	    <content
	        jcr:primaryType="nt:unstructured"
	        sling:resourceType="granite/ui/components/coral/foundation/container">
	        <items jcr:primaryType="nt:unstructured">
	            <fixedcolums
	                jcr:primaryType="nt:unstructured"
	                sling:resourceType="granite/ui/components/coral/foundation/fixedcolumns">
	                <items jcr:primaryType="nt:unstructured">
	                    <properties
	                        jcr:primaryType="nt:unstructured"
	                        jcr:title="Intranet Header Properties"
	                        sling:resourceType="granite/ui/components/coral/foundation/container">
	                        <items jcr:primaryType="nt:unstructured">
	                            <results
	                                jcr:primaryType="nt:unstructured"
	                                sling:resourceType="granite/ui/components/coral/foundation/form/numberfield"
	                                fieldDescription="(eg: 1 for /content/site)"
	                                fieldLabel="Number of results to display"
	                                max="100"
	                                min="1"
	                                name="./results"
	                                step="1"
	                                value="2"/>
	                              <startPath
	    							jcr:primaryType="nt:unstructured"
	    							sling:resourceType="granite/ui/components/coral/foundation/form/pathbrowser"
	    							rootPath="/content/intranet/home"
	    							emptyText="Path to search start page"
	    							fieldLabel="Related Page Search Start Page"
									name="./startPath"/>                            
	                        </items>
	                    </properties>
	                </items>
	            </fixedcolums>
	        </items>
	    </content>
	</cq:design_dialog>
</jcr:root>
