<?xml version="1.0" encoding="UTF-8"?>
<jcr:root xmlns:sling="http://sling.apache.org/jcr/sling/1.0" xmlns:cq="http://www.day.com/jcr/cq/1.0" xmlns:jcr="http://www.jcp.org/jcr/1.0" xmlns:nt="http://www.jcp.org/jcr/nt/1.0"
    jcr:primaryType="nt:unstructured"
    jcr:title="Hero"
    sling:resourceType="cq/gui/components/authoring/dialog">
    <content
        jcr:primaryType="nt:unstructured"
        sling:resourceType="granite/ui/components/foundation/container">
        <layout
            jcr:primaryType="nt:unstructured"
            sling:resourceType="granite/ui/components/foundation/layouts/fixedcolumns"/>
        <items jcr:primaryType="nt:unstructured">
            <column
                jcr:primaryType="nt:unstructured"
                sling:resourceType="granite/ui/components/foundation/container">
                <items jcr:primaryType="nt:unstructured">
                    <tabs
                        jcr:primaryType="nt:unstructured"
                        sling:resourceType="granite/ui/components/foundation/container">
                        <layout
                            jcr:primaryType="nt:unstructured"
                            sling:resourceType="granite/ui/components/foundation/layouts/tabs"
                            type="nav"/>
                        <items jcr:primaryType="nt:unstructured">
                            <configuration
                                jcr:primaryType="nt:unstructured"
                                jcr:title="Configuration"
                                sling:resourceType="granite/ui/components/foundation/section">
                                <items jcr:primaryType="nt:unstructured">
                                    <title
                                        jcr:primaryType="nt:unstructured"
                                        sling:resourceType="granite/ui/components/foundation/form/textfield"
                                        fieldLabel="Title"
                                        name="./title"/>
                                    <text
                                        jcr:primaryType="nt:unstructured"
                                        sling:resourceType="granite/ui/components/foundation/form/textfield"
                                        fieldLabel="Text"
                                        name="./text"/>
                                    <linkText
                                        jcr:primaryType="nt:unstructured"
                                        sling:resourceType="granite/ui/components/foundation/form/textfield"
                                        fieldLabel="Link Text"
                                        name="./linkText"/>
                                    <path
                                        jcr:primaryType="nt:unstructured"
                                        sling:resourceType="granite/ui/components/foundation/form/pathbrowser"
                                        fieldLabel="Link Path"
                                        name="./path"
                                        rootPath="/content"/>
                                    <target
                                        jcr:primaryType="nt:unstructured"
                                        sling:resourceType="granite/ui/components/foundation/form/select"
                                        fieldLabel="Target"
                                        name="./target">
                                        <items jcr:primaryType="nt:unstructured">
                                            <self
                                                jcr:primaryType="nt:unstructured"
                                                text="This Window"
                                                value="_self"/>
                                            <blank
                                                jcr:primaryType="nt:unstructured"
                                                text="New Window"
                                                value="_blank"/>
                                        </items>
                                    </target>
                                    <textDisplay
                                        jcr:primaryType="nt:unstructured"
                                        sling:resourceType="granite/ui/components/foundation/form/select"
                                        fieldLabel="Text Display"
                                        name="./textDisplay">
                                        <items jcr:primaryType="nt:unstructured">
                                            <left
                                                jcr:primaryType="nt:unstructured"
                                                text="Left"
                                                value="left-align"/>
                                            <right
                                                jcr:primaryType="nt:unstructured"
                                                text="Right"
                                                value="right-align"/>
                                        </items>
                                    </textDisplay>
                                    <darkenImage
                                        jcr:primaryType="nt:unstructured"
                                        sling:resourceType="granite/ui/components/foundation/form/checkbox"
                                        fieldDescription="Adds an opaque layer over the image to make text readable on light images"
                                        name="./darkenImage"
                                        text="Darken Image"
                                        value="{Boolean}true"/>
                                    <bgcolor
                                        jcr:primaryType="nt:unstructured"
                                        sling:resourceType="granite/ui/components/foundation/form/select"
                                        fieldLabel="Background color"
                                        name="./bgcolor">
                                        <items jcr:primaryType="nt:unstructured">
                                            <transparent
                                                jcr:primaryType="nt:unstructured"
                                                text="Transparent"
                                                value="bg-transparent"/>
                                            <white
                                                jcr:primaryType="nt:unstructured"
                                                text="White"
                                                selected="true"
                                                value="bg-white"/>
                                             <samsblue
                                                jcr:primaryType="nt:unstructured"
                                                text="Sam's Blue"
                                                value="bg-sams-blue"/>
                                            <samslightblue
                                                jcr:primaryType="nt:unstructured"
                                                text="Sam's Light Blue"
                                                value="bg-sams-light-blue"/>
                                            <samsmediumblue
                                                jcr:primaryType="nt:unstructured"
                                                text="Sam's Medium Blue"
                                                value="bg-sams-medium-blue"/>
                                            <samsgreen
                                                jcr:primaryType="nt:unstructured"
                                                text="Sam's Green"
                                                value="bg-sams-green"/>
                                            <samslightorange
                                                jcr:primaryType="nt:unstructured"
                                                text="Sam's Light Orange"
                                                value="bg-sams-light-orange"/>
                                            <samsorange
                                                jcr:primaryType="nt:unstructured"
                                                text="Sam's Orange"
                                                value="bg-sams-orange"/>
                                            <samsred
                                                jcr:primaryType="nt:unstructured"
                                                text="Sam's Red"
                                                value="bg-sams-red"/>
                                            <samsdarkgray
                                                jcr:primaryType="nt:unstructured"
                                                text="Sam's Dark Gray"
                                                value="bg-sams-dark-gray"/>
                                            <avpgreen
                                                jcr:primaryType="nt:unstructured"
                                                text="AVP Green"
                                                value="bg-avp-green"/>
                                            <avporange
                                                jcr:primaryType="nt:unstructured"
                                                text="AVP Orange"
                                                value="bg-avp-orange"/>
                                            <avpred
                                                jcr:primaryType="nt:unstructured"
                                                text="AVP Red"
                                                value="bg-avp-red"/>
                                        </items>
                                    </bgcolor>
                                    <image
                                        jcr:primaryType="nt:unstructured"
                                        sling:resourceType="granite/ui/components/foundation/form/fileupload"
                                        allowUpload="{Boolean}false"
                                        autoStart="{Boolean}false"
                                        class="cq-droptarget"
                                        ddGroups="media"
                                        fieldLabel="File Upload"
                                        fieldDescription="Ideal dimensions: 1530px X 450px"
                                        fileNameParameter="./fileName"
                                        fileReferenceParameter="./fileReference"
                                        mimeTypes="[image]"
                                        multiple="{Boolean}false"
                                        name="./file"
                                        title="Image"
                                        uploadUrl="${suffix.path}"
                                        useHTML5="{Boolean}true"/>
                                    <transparentHeader
                                        jcr:primaryType="nt:unstructured"
                                        sling:resourceType="granite/ui/components/foundation/form/checkbox"
                                        fieldDescription="Shows Hero under transparent header if it's the first component of the page"
                                        name="./transparentHeader"
                                        text="Transparent header"
                                        uncheckedValue="no"
                                        value="yes"/>
                                </items>
                            </configuration>
                        </items>
                    </tabs>
                </items>
            </column>
        </items>
    </content>
</jcr:root>
