<?xml version="1.0" encoding="UTF-8"?>
<jcr:root xmlns:sling="http://sling.apache.org/jcr/sling/1.0" xmlns:cq="http://www.day.com/jcr/cq/1.0" xmlns:jcr="http://www.jcp.org/jcr/1.0" xmlns:mix="http://www.jcp.org/jcr/mix/1.0" xmlns:nt="http://www.jcp.org/jcr/nt/1.0"
    jcr:primaryType="cq:Page">
    <jcr:content
        cq:lastModified="{Date}2018-08-31T11:03:16.374-05:00"
        cq:lastModifiedBy="wamarti"
        cq:lastReplicated="{Date}2018-09-04T14:25:27.408-05:00"
        cq:lastReplicatedBy="jbwolni"
        cq:lastReplicationAction="Activate"
        cq:template="/conf/intranet/settings/wcm/templates/two-column"
        jcr:description="This page contains information about the maternity support program."
        jcr:isCheckedOut="{Boolean}true"
        jcr:mixinTypes="[mix:versionable]"
        jcr:primaryType="cq:PageContent"
        jcr:title="Maternity Support Program"
        jcr:uuid="7da1e315-bf0e-40e5-894b-785fade70ec0"
        sling:resourceType="intranet/components/structure/page"
        navTitle="Maternity Support Program"
        pageTitle="Maternity Support Program">
        <root
            jcr:primaryType="nt:unstructured"
            sling:resourceType="wcm/foundation/components/responsivegrid">
            <responsivegrid
                jcr:created="{Date}2017-11-08T16:26:31.059-08:00"
                jcr:createdBy="admin"
                jcr:lastModified="{Date}2017-11-08T16:26:56.323-08:00"
                jcr:lastModifiedBy="admin"
                jcr:primaryType="nt:unstructured"
                sling:resourceType="wcm/foundation/components/responsivegrid">
                <title
                    jcr:created="{Date}2018-08-17T14:07:46.252-05:00"
                    jcr:createdBy="wamarti"
                    jcr:lastModified="{Date}2018-08-17T14:07:46.252-05:00"
                    jcr:lastModifiedBy="wamarti"
                    jcr:primaryType="nt:unstructured"
                    sling:resourceType="intranet/components/content/title"/>
            </responsivegrid>
            <responsivegrid_1653223910
                jcr:created="{Date}2018-01-09T15:10:33.786-08:00"
                jcr:createdBy="admin"
                jcr:lastModified="{Date}2018-01-09T15:12:20.577-08:00"
                jcr:lastModifiedBy="admin"
                jcr:primaryType="nt:unstructured"
                sling:resourceType="wcm/foundation/components/responsivegrid">
                <responsivegrid
                    jcr:created="{Date}2018-01-09T15:12:34.310-08:00"
                    jcr:createdBy="admin"
                    jcr:lastModified="{Date}2018-01-09T15:13:07.654-08:00"
                    jcr:lastModifiedBy="admin"
                    jcr:primaryType="nt:unstructured"
                    sling:resourceType="wcm/foundation/components/responsivegrid">
                    <collapsibletext
                        jcr:created="{Date}2018-08-17T14:09:15.398-05:00"
                        jcr:createdBy="wamarti"
                        jcr:lastModified="{Date}2018-08-30T11:31:22.563-05:00"
                        jcr:lastModifiedBy="wamarti"
                        jcr:primaryType="nt:unstructured"
                        sling:resourceType="intranet/components/content/collapsibleText"
                        header="Maternity Support Program"
                        mobiledefaultopen="true"
                        text="&lt;p>Expecting a baby? Enroll in the Maternity Support Program to learn more about the changes ahead and get the support you need to achieve the best possible childbirth experience.&lt;/p>&#xd;&#xa;&lt;p>It’s confidential and available to employees, their spouses and other eligible dependents enrolled in a U.S. Bank medical plan administered by UnitedHealthcare at no additional cost. Visit &lt;a target=&quot;_blank&quot;>&lt;/a>&lt;a href=&quot;http://www.myuhc.com/&quot; target=&quot;_blank&quot;>myuhc.com&lt;/a> or call &lt;span class=&quot;baec5a81-e4d6-4674-97f3-e9220f0136c1&quot; style=&quot;white-space: nowrap;&quot;>800.358.0114&lt;a title=&quot;Call: 800.358.0114&quot; style=&quot;margin: 0px; left: 0px; top: 0px; width: 16px; height: 16px; right: 0px; bottom: 0px; overflow: hidden; vertical-align: middle; float: none; display: inline; white-space: nowrap; position: static;&quot;>&lt;/a>&lt;/span> for more information or to enroll.&amp;nbsp;&amp;nbsp;&lt;/p>&#xd;&#xa;"
                        textIsRich="true">
                        <cq:responsive jcr:primaryType="nt:unstructured">
                            <default
                                jcr:primaryType="nt:unstructured"
                                width="4"/>
                        </cq:responsive>
                    </collapsibletext>
                    <image
                        jcr:created="{Date}2018-08-17T14:20:52.029-05:00"
                        jcr:createdBy="wamarti"
                        jcr:lastModified="{Date}2018-08-17T14:21:18.063-05:00"
                        jcr:lastModifiedBy="wamarti"
                        jcr:primaryType="nt:unstructured"
                        sling:resourceType="intranet/components/content/image"
                        align="center"
                        fileReference="/content/dam/intranet/insideusb/businesslines/humanresources/well-with-us/maternity-support-program.jpg">
                        <cq:responsive jcr:primaryType="nt:unstructured">
                            <default
                                jcr:primaryType="nt:unstructured"
                                offset="0"
                                width="3"/>
                        </cq:responsive>
                    </image>
                </responsivegrid>
            </responsivegrid_1653223910>
            <responsivegrid_1196960364
                jcr:created="{Date}2018-01-09T15:10:14.868-08:00"
                jcr:createdBy="admin"
                jcr:lastModified="{Date}2018-01-09T15:12:07.751-08:00"
                jcr:lastModifiedBy="admin"
                jcr:primaryType="nt:unstructured"
                sling:resourceType="wcm/foundation/components/responsivegrid">
                <linklist
                    jcr:created="{Date}2018-08-17T14:21:56.237-05:00"
                    jcr:createdBy="wamarti"
                    jcr:lastModified="{Date}2018-08-31T11:02:28.714-05:00"
                    jcr:lastModifiedBy="wamarti"
                    jcr:primaryType="nt:unstructured"
                    sling:resourceType="intranet/components/content/linkList"
                    title="Quick Access">
                    <iItems jcr:primaryType="nt:unstructured">
                        <item0
                            jcr:primaryType="nt:unstructured"
                            iLink="http://usbnetportal.us.bank-dns.com/ourcompany/video/BenefitsVideos.aspx"
                            iName="Benefit videos"/>
                        <item1
                            jcr:primaryType="nt:unstructured"
                            iLink="http://usbook.us.bank-dns.com/communities/service/html/communityview?communityUuid=26b79db6-6b85-4152-ab30-d431701bfcab"
                            iName="Well with Us on US Book"/>
                        <item2
                            jcr:primaryType="nt:unstructured"
                            iLink="/content/intranet/en-US/home/business-lines/strategy-hr-and-corporate-affairs/human-resources/benefits/managing-your-medical-benefit"
                            iName="Managing your medical benefits"/>
                        <item3
                            jcr:primaryType="nt:unstructured"
                            iLink="/content/intranet/en-US/home/business-lines/strategy-hr-and-corporate-affairs/human-resources/life-event-guides"
                            iName="Life event guides"/>
                    </iItems>
                </linklist>
                <linklist_1371095231
                    jcr:created="{Date}2018-08-17T14:23:42.738-05:00"
                    jcr:createdBy="wamarti"
                    jcr:lastModified="{Date}2018-08-31T11:03:16.368-05:00"
                    jcr:lastModifiedBy="wamarti"
                    jcr:primaryType="nt:unstructured"
                    sling:resourceType="intranet/components/content/linkList"
                    title="Related Links">
                    <iItems jcr:primaryType="nt:unstructured">
                        <item0
                            jcr:primaryType="nt:unstructured"
                            iLink="http://usbnetportal.us.bank-dns.com/ourcompany/recognition/TheBestInUS.aspx"
                            iName="Recognize wellbeing"/>
                        <item1
                            jcr:primaryType="nt:unstructured"
                            iLink="/content/intranet/en-US/home/business-lines/strategy-hr-and-corporate-affairs/human-resources/benefits/bright-horizons-care-advantage"
                            iName="Bright Horizons"/>
                        <item2
                            jcr:primaryType="nt:unstructured"
                            iLink="/content/intranet/en-US/home/business-lines/strategy-hr-and-corporate-affairs/human-resources/benefits/lifeworks"
                            iName="LifeWorks"/>
                        <item3
                            jcr:primaryType="nt:unstructured"
                            iLink="http://usbnetportal.us.bank-dns.com/HR/benefits/dependent-care-fsa.aspx"
                            iName="Dependent Care FSA"/>
                        <item4
                            jcr:primaryType="nt:unstructured"
                            iLink="http://usbnetportal.us.bank-dns.com/HR/policies-and-resources/default.aspx"
                            iName="Time away from work"/>
                    </iItems>
                </linklist_1371095231>
                <contactlist_copy_cop
                    jcr:created="{Date}2018-07-19T08:36:57.098-05:00"
                    jcr:createdBy="bswalke"
                    jcr:lastModified="{Date}2018-08-03T12:58:08.206-05:00"
                    jcr:lastModifiedBy="wamarti"
                    jcr:primaryType="nt:unstructured"
                    sling:resourceType="intranet/components/content/contactList"
                    header="Contacts ">
                    <contacts jcr:primaryType="nt:unstructured">
                        <item0
                            jcr:primaryType="nt:unstructured"
                            contactname="Deb Lampher"
                            email="deborah.lampher@usbank.com"
                            phone="651.312.4986"
                            title="Benefit and Payroll Communications Manager"/>
                    </contacts>
                </contactlist_copy_cop>
            </responsivegrid_1196960364>
            <responsivegrid_453904728
                jcr:created="{Date}2018-01-09T16:52:11.160-08:00"
                jcr:createdBy="admin"
                jcr:lastModified="{Date}2018-01-09T16:52:45.058-08:00"
                jcr:lastModifiedBy="admin"
                jcr:primaryType="nt:unstructured"
                sling:resourceType="wcm/foundation/components/responsivegrid"/>
        </root>
    </jcr:content>
</jcr:root>
