<?xml version="1.0" encoding="UTF-8"?>
<jcr:root xmlns:sling="http://sling.apache.org/jcr/sling/1.0" xmlns:cq="http://www.day.com/jcr/cq/1.0" xmlns:jcr="http://www.jcp.org/jcr/1.0" xmlns:mix="http://www.jcp.org/jcr/mix/1.0" xmlns:nt="http://www.jcp.org/jcr/nt/1.0"
    jcr:primaryType="cq:Page">
    <jcr:content
        cq:contextHubPath="/etc/cloudsettings/default/contexthub"
        cq:contextHubSegmentsPath="/etc/segmentation/contexthub"
        cq:lastModified="{Date}2018-07-12T08:06:42.907-05:00"
        cq:lastModifiedBy="JBWOLNI"
        cq:lastReplicated="{Date}2018-08-07T15:02:42.407-05:00"
        cq:lastReplicatedBy="admin"
        cq:lastReplicationAction="Activate"
        cq:template="/conf/intranet/settings/wcm/templates/two-column"
        jcr:isCheckedOut="{Boolean}true"
        jcr:mixinTypes="[mix:versionable]"
        jcr:primaryType="cq:PageContent"
        jcr:title="Another Page"
        jcr:uuid="04fd0ee9-a931-4002-b490-33c5b5a3190b"
        sling:resourceType="intranet/components/structure/page"
        hideInNav="true">
        <root
            jcr:primaryType="nt:unstructured"
            sling:resourceType="wcm/foundation/components/responsivegrid">
            <responsivegrid
                jcr:created="{Date}2017-11-08T16:26:31.059-08:00"
                jcr:createdBy="admin"
                jcr:lastModified="{Date}2017-11-08T16:26:56.323-08:00"
                jcr:lastModifiedBy="admin"
                jcr:primaryType="nt:unstructured"
                sling:resourceType="wcm/foundation/components/responsivegrid">
                <contactlist
                    jcr:created="{Date}2018-02-14T18:21:21.290-06:00"
                    jcr:createdBy="admin"
                    jcr:lastModified="{Date}2018-02-14T18:21:21.290-06:00"
                    jcr:lastModifiedBy="admin"
                    jcr:primaryType="nt:unstructured"
                    sling:resourceType="intranet/components/content/contactList"/>
            </responsivegrid>
            <responsivegrid_453904728
                jcr:primaryType="nt:unstructured"
                sling:resourceType="wcm/foundation/components/responsivegrid">
                <tilecontainer
                    jcr:created="{Date}2018-01-22T11:35:57.242-06:00"
                    jcr:createdBy="admin"
                    jcr:lastModified="{Date}2018-01-22T11:35:57.242-06:00"
                    jcr:lastModifiedBy="admin"
                    jcr:primaryType="nt:unstructured"
                    sling:resourceType="intranet/components/content/tileContainer"/>
            </responsivegrid_453904728>
            <responsivegrid_1196960364
                jcr:primaryType="nt:unstructured"
                sling:resourceType="wcm/foundation/components/responsivegrid">
                <stockticker
                    jcr:created="{Date}2018-02-14T10:17:11.860-06:00"
                    jcr:createdBy="admin"
                    jcr:lastModified="{Date}2018-02-14T10:17:11.860-06:00"
                    jcr:lastModifiedBy="admin"
                    jcr:primaryType="nt:unstructured"
                    sling:resourceType="intranet/components/content/stockTicker"/>
            </responsivegrid_1196960364>
            <responsivegrid_1653223910 jcr:primaryType="nt:unstructured">
                <responsivegrid
                    jcr:primaryType="nt:unstructured"
                    sling:resourceType="wcm/foundation/components/responsivegrid">
                    <title
                        jcr:created="{Date}2018-02-14T12:44:03.506-06:00"
                        jcr:createdBy="admin"
                        jcr:lastModified="{Date}2018-02-14T12:44:03.506-06:00"
                        jcr:lastModifiedBy="admin"
                        jcr:primaryType="nt:unstructured"
                        sling:resourceType="intranet/components/content/title"/>
                    <tile
                        jcr:created="{Date}2018-02-14T12:44:08.993-06:00"
                        jcr:createdBy="admin"
                        jcr:lastModified="{Date}2018-02-14T12:44:08.993-06:00"
                        jcr:lastModifiedBy="admin"
                        jcr:primaryType="nt:unstructured"
                        sling:resourceType="intranet/components/content/tile"/>
                    <contact
                        jcr:created="{Date}2018-02-14T12:43:40.742-06:00"
                        jcr:createdBy="admin"
                        jcr:lastModified="{Date}2018-02-14T12:43:40.742-06:00"
                        jcr:lastModifiedBy="admin"
                        jcr:primaryType="nt:unstructured"
                        sling:resourceType="intranet/components/content/contact"/>
                </responsivegrid>
            </responsivegrid_1653223910>
        </root>
    </jcr:content>
    <Facebook/>
    <testing-components/>
    <testing-four-box/>
    <mahesh-test-page/>
    <moulik-test-page/>
    <test-page/>
</jcr:root>
