<?xml version="1.0" encoding="UTF-8"?>
<jcr:root xmlns:sling="http://sling.apache.org/jcr/sling/1.0" xmlns:cq="http://www.day.com/jcr/cq/1.0" xmlns:jcr="http://www.jcp.org/jcr/1.0" xmlns:nt="http://www.jcp.org/jcr/nt/1.0"
    jcr:primaryType="nt:unstructured"
    jcr:title="Properties"
    sling:resourceType="cq/gui/components/authoring/dialog">
    <content
        jcr:primaryType="nt:unstructured"
        sling:resourceType="granite/ui/components/foundation/container">
        <layout
            jcr:primaryType="nt:unstructured"
            sling:resourceType="granite/ui/components/foundation/layouts/tabs"
            type="nav"/>
        <items jcr:primaryType="nt:unstructured">
            <FeaturedNews
                jcr:primaryType="nt:unstructured"
                jcr:title="Featured News"
                sling:resourceType="granite/ui/components/foundation/container">
                <layout
                    jcr:primaryType="nt:unstructured"
                    sling:resourceType="granite/ui/components/foundation/layouts/fixedcolumns"/>
                <items jcr:primaryType="nt:unstructured">
                    <columns
                        jcr:primaryType="nt:unstructured"
                        sling:resourceType="granite/ui/components/foundation/container">
                        <items jcr:primaryType="nt:unstructured">
                            <title
                                jcr:primaryType="nt:unstructured"
                                sling:resourceType="granite/ui/components/foundation/form/textfield"
                                fieldDescription="Enter the tab title"
                                fieldLabel="Tab Title"
                                value="Featured News"
                                name="./featuredNewsTitle"/>
		                         <tags
	                                jcr:primaryType="nt:unstructured"
	                                sling:resourceType="cq/gui/components/common/tagspicker"
	                                fieldDescription="Select tags to exclude featured articles from the display list"
	                                fieldLabel="Exclude Tags"
	                                class="tagspickerclass"
	                                eaemMaxTags="1"
	                                validation="eaem.max.tags"
	                                name="./selectedtags"/>
	                            <alltags
	                                jcr:primaryType="nt:unstructured"
	                                sling:resourceType="cq/gui/components/common/tagspicker"
	                                fieldDescription="Select tag to include articles for all users"
	                                fieldLabel="Include Tags"
	                                class="tagspickerclass"
	                                eaemMaxTags="1"
	                                validation="eaem.max.tags"
	                                name="./alltags"/> 
                            <results
                                jcr:primaryType="nt:unstructured"
                                sling:resourceType="granite/ui/components/coral/foundation/form/numberfield"
                                fieldDescription="Enter Results Limit"
                                fieldLabel="Results Limit"
                                max="60"
                                min="1"
                                value="30"
                                step="1"
                                name="./results"/>
                             <image
                                jcr:primaryType="nt:unstructured"
                                sling:resourceType="granite/ui/components/foundation/form/pathbrowser"
                                fieldDescription="Default Image path for the articles"
                                fieldLabel="Image Path"
                                name="./image"
                                rootPath="/content/dam/"/>
                             
                        </items>
                    </columns>
                </items>
            </FeaturedNews>
            <NewsForYou
                jcr:primaryType="nt:unstructured"
                jcr:title="News For You"
                sling:resourceType="granite/ui/components/foundation/container">
                <layout
                    jcr:primaryType="nt:unstructured"
                    sling:resourceType="granite/ui/components/foundation/layouts/fixedcolumns"/>
                <items jcr:primaryType="nt:unstructured">
                    <columns
                        jcr:primaryType="nt:unstructured"
                        sling:resourceType="granite/ui/components/foundation/container">
                        <items jcr:primaryType="nt:unstructured">
                            <title
                                jcr:primaryType="nt:unstructured"
                                sling:resourceType="granite/ui/components/foundation/form/textfield"
                                fieldDescription="Enter News Title"
                                fieldLabel="News Title/Headline"
                                value="News For You"
                                name="./newsForYouTitle"/>
                                <months
                                jcr:primaryType="nt:unstructured"
                                sling:resourceType="granite/ui/components/coral/foundation/form/numberfield"
                                fieldDescription="Months to be Capped"
                                fieldLabel="Months Capped"
                                min="1"
                                value="24"
                                name="./months"/>
							
                        </items>
                    </columns>
                </items>
            </NewsForYou>
            <AllNews
                jcr:primaryType="nt:unstructured"
                jcr:title="All News"
                sling:resourceType="granite/ui/components/foundation/container">
                <layout
                    jcr:primaryType="nt:unstructured"
                    sling:resourceType="granite/ui/components/foundation/layouts/fixedcolumns"/>
                <items jcr:primaryType="nt:unstructured">
                    <columns
                        jcr:primaryType="nt:unstructured"
                        sling:resourceType="granite/ui/components/foundation/container">
                        <items jcr:primaryType="nt:unstructured">
                            <title
                                jcr:primaryType="nt:unstructured"
                                sling:resourceType="granite/ui/components/foundation/form/textfield"
                                fieldDescription="Enter News Title"
                                value="All News"
                                fieldLabel="News Title/Headline"
                                name="./allNewsTitle"/>
							
                        <depth
	                                jcr:primaryType="nt:unstructured"
	                                sling:resourceType="granite/ui/components/coral/foundation/form/numberfield"
	                                fieldDescription="(eg: 1 for /content/site)"
	                                fieldLabel="Depth of archive tree to display"
	                                max="100"
	                                min="1"
	                                name="./depth"
	                                step="1"
	                                value="2"/><startPath
	    							jcr:primaryType="nt:unstructured"
	    							sling:resourceType="granite/ui/components/coral/foundation/form/pathbrowser"
	    							rootPath="/content/intranet/en-US/home"
	    							emptyText="Path to target page"
	    							fieldLabel="Archive Start Page"
									name="./startPath"/></items>
                    </columns>
                </items>
            </AllNews>
        </items>
    </content>
</jcr:root>
