<?xml version="1.0" encoding="UTF-8"?>
<jcr:root xmlns:sling="http://sling.apache.org/jcr/sling/1.0" xmlns:cq="http://www.day.com/jcr/cq/1.0" xmlns:jcr="http://www.jcp.org/jcr/1.0" xmlns:nt="http://www.jcp.org/jcr/nt/1.0"
    jcr:primaryType="nt:unstructured"
    jcr:title="Article or Page List"
    sling:resourceType="cq/gui/components/authoring/dialog">
    <content
        jcr:primaryType="nt:unstructured"
        sling:resourceType="granite/ui/components/foundation/container">
        <layout
            jcr:primaryType="nt:unstructured"
            sling:resourceType="granite/ui/components/foundation/layouts/fixedcolumns"/>
        <items jcr:primaryType="nt:unstructured">
            <column
                jcr:primaryType="nt:unstructured"
                sling:resourceType="granite/ui/components/foundation/container">
                <items jcr:primaryType="nt:unstructured">
                    <tabs
                        jcr:primaryType="nt:unstructured"
                        sling:resourceType="granite/ui/components/foundation/container">
                        <layout
                            jcr:primaryType="nt:unstructured"
                            sling:resourceType="granite/ui/components/foundation/layouts/tabs"
                            type="nav"/>
                        <items jcr:primaryType="nt:unstructured">
                            <configuration
                                jcr:primaryType="nt:unstructured"
                                jcr:title="Configuration"
                                sling:resourceType="granite/ui/components/foundation/section">
                                <items jcr:primaryType="nt:unstructured">
                                    <articleListType
                                        jcr:primaryType="nt:unstructured"
                                        sling:resourceType="granite/ui/components/foundation/form/select"
                                        class="cq-dialog-dropdown-showhide"
                                        cq-dialog-dropdown-showhide-target=".type-show-hide"
                                        fieldLabel="Article List Type"
                                        name="./articleListType">
                                        <items jcr:primaryType="nt:unstructured">
                                            <parent
                                                jcr:primaryType="nt:unstructured"
                                                text="Parent"
                                                value="parent"/>
                                            <manual
                                                jcr:primaryType="nt:unstructured"
                                                text="Manual"
                                                value="manual"/>
                                            <tag
                                                    jcr:primaryType="nt:unstructured"
                                                    text="Tag"
                                                    value="tag"/>
                                        </items>
                                    </articleListType>
                                    <parentPath
                                        jcr:primaryType="nt:unstructured"
                                        sling:resourceType="granite/ui/components/foundation/form/pathbrowser"
                                        class="type-show-hide hide"
                                        fieldLabel="Parent Path"
                                        name="./parentPath"
                                        rootPath="/content"
                                        showhidetargetvalue="parent"/>
                                    <tags
                                            jcr:primaryType="nt:unstructured"
                                            sling:resourceType="cq/gui/components/common/tagspicker"
                                            class="type-show-hide hide"
                                            fieldLabel="Tags"
                                            name="./tags"
                                            showhidetargetvalue="tag"/>
                                    <paginationType
                                        jcr:primaryType="nt:unstructured"
                                        sling:resourceType="granite/ui/components/foundation/form/radiogroup"
                                        fieldLabel="Type of pagination"
                                        text="Pagination type">
                                        <items 
                                            jcr:primaryType="nt:unstructured">
                                            <seeAll
                                                jcr:primaryType="nt:unstructured"
                                                sling:resourceType="granite/ui/components/foundation/form/radio"
                                                name="./paginationType"
                                                value="seeAll"
                                                text="See all"/>
                                            <seeMore
                                                jcr:primaryType="nt:unstructured"
                                                sling:resourceType="granite/ui/components/foundation/form/radio"
                                                name="./paginationType"
                                                value="seeMore"
                                                text="See more"/>
                                        </items>
                                    </paginationType>
                                    <articleListManual
                                        jcr:primaryType="nt:unstructured"
                                        sling:resourceType="foundation/components/form/multifield"
                                        class="type-show-hide hide"
                                        fieldLabel="Manual Article List"
                                        showhidetargetvalue="manual">
                                        <field
                                            jcr:primaryType="nt:unstructured"
                                            sling:resourceType="granite/ui/components/foundation/form/fieldset"
                                            name="./articleListManual">
                                            <layout
                                                jcr:primaryType="nt:unstructured"
                                                sling:resourceType="granite/ui/components/foundation/layouts/fixedcolumns"
                                                method="absolute"/>
                                            <items jcr:primaryType="nt:unstructured">
                                                <column
                                                    jcr:primaryType="nt:unstructured"
                                                    sling:resourceType="granite/ui/components/foundation/container">
                                                    <items jcr:primaryType="nt:unstructured">
                                                        <path
                                                            jcr:primaryType="nt:unstructured"
                                                            sling:resourceType="granite/ui/components/foundation/form/pathbrowser"
                                                            fieldLabel="Path"
                                                            name="./path"
                                                            rootPath="/content"/>
                                                    </items>
                                                </column>
                                            </items>
                                        </field>
                                    </articleListManual>
                                </items>
                            </configuration>
                        </items>
                    </tabs>
                </items>
            </column>
        </items>
    </content>
</jcr:root>
