<?xml version="1.0" encoding="UTF-8"?>
<jcr:root xmlns:sling="http://sling.apache.org/jcr/sling/1.0" xmlns:cq="http://www.day.com/jcr/cq/1.0" xmlns:jcr="http://www.jcp.org/jcr/1.0" xmlns:mix="http://www.jcp.org/jcr/mix/1.0" xmlns:nt="http://www.jcp.org/jcr/nt/1.0"
    jcr:primaryType="cq:Page">
    <jcr:content
        cq:contextHubPath="/etc/cloudsettings/default/contexthub"
        cq:contextHubSegmentsPath="/etc/segmentation/contexthub"
        cq:lastModified="{Date}2018-09-04T09:46:28.215-05:00"
        cq:lastModifiedBy="gabonne"
        cq:lastReplicated="{Date}2018-09-04T09:46:34.180-05:00"
        cq:lastReplicatedBy="gabonne"
        cq:lastReplicationAction="Activate"
        cq:template="/conf/intranet/settings/wcm/templates/two-column"
        jcr:isCheckedOut="{Boolean}true"
        jcr:mixinTypes="[mix:versionable]"
        jcr:primaryType="cq:PageContent"
        jcr:title="Things For You"
        jcr:uuid="78679fdd-4e1d-4691-97d7-ac65fea9b868"
        sling:resourceType="intranet/components/structure/page"
        navTitle="Things for you">
        <root
            jcr:primaryType="nt:unstructured"
            sling:resourceType="wcm/foundation/components/responsivegrid">
            <responsivegrid
                jcr:created="{Date}2017-11-08T16:26:31.059-08:00"
                jcr:createdBy="admin"
                jcr:lastModified="{Date}2017-11-08T16:26:56.323-08:00"
                jcr:lastModifiedBy="admin"
                jcr:primaryType="nt:unstructured"
                sling:resourceType="wcm/foundation/components/responsivegrid">
                <title
                    jcr:created="{Date}2018-01-19T09:58:19.148-06:00"
                    jcr:createdBy="admin"
                    jcr:lastModified="{Date}2018-01-19T09:58:19.148-06:00"
                    jcr:lastModifiedBy="admin"
                    jcr:primaryType="nt:unstructured"
                    sling:resourceType="intranet/components/content/title"/>
            </responsivegrid>
            <responsivegrid_453904728
                jcr:primaryType="nt:unstructured"
                sling:resourceType="wcm/foundation/components/responsivegrid"/>
            <responsivegrid_1196960364
                jcr:primaryType="nt:unstructured"
                sling:resourceType="wcm/foundation/components/responsivegrid">
                <contactlist_copy_cop
                    jcr:created="{Date}2018-09-03T14:29:31.509-05:00"
                    jcr:createdBy="gabonne"
                    jcr:lastModified="{Date}2018-09-03T14:36:26.533-05:00"
                    jcr:lastModifiedBy="gabonne"
                    jcr:primaryType="nt:unstructured"
                    sling:resourceType="intranet/components/content/contactList"
                    header="Contacts">
                    <contacts jcr:primaryType="nt:unstructured">
                        <item0
                            jcr:primaryType="nt:unstructured"
                            contactname="U.S. Bank Communications Shared Mailbox"
                            email="USBankCommunications@usbank.com"/>
                    </contacts>
                </contactlist_copy_cop>
            </responsivegrid_1196960364>
            <responsivegrid_1653223910 jcr:primaryType="nt:unstructured">
                <responsivegrid
                    jcr:primaryType="nt:unstructured"
                    sling:resourceType="wcm/foundation/components/responsivegrid">
                    <collapsibletext
                        jcr:created="{Date}2018-09-04T09:44:54.427-05:00"
                        jcr:createdBy="gabonne"
                        jcr:lastModified="{Date}2018-09-04T09:45:56.026-05:00"
                        jcr:lastModifiedBy="gabonne"
                        jcr:primaryType="nt:unstructured"
                        sling:resourceType="intranet/components/content/collapsibleText"
                        mobiledefaultopen="false"
                        text="&lt;p>&lt;a href=&quot;/content/intranet/en-US/home/resources/employee-resources.html&quot;>Employee Resources&lt;/a>&lt;/p>&#xd;&#xa;&lt;p>&lt;a href=&quot;/content/intranet/en-US/home/resources/hr.html&quot;>Human Resources&lt;/a>&lt;/p>&#xd;&#xa;&lt;p>&lt;a href=&quot;/content/intranet/en-US/home/resources/Programs.html&quot;>Programs&lt;/a>&lt;/p>&#xd;&#xa;"
                        textIsRich="true"/>
                </responsivegrid>
            </responsivegrid_1653223910>
        </root>
    </jcr:content>
    <employee-resources/>
    <hr/>
    <Programs/>
</jcr:root>
