<?xml version="1.0" encoding="UTF-8"?>
<jcr:root xmlns:sling="http://sling.apache.org/jcr/sling/1.0" xmlns:granite="http://www.adobe.com/jcr/granite/1.0" xmlns:cq="http://www.day.com/jcr/cq/1.0" xmlns:jcr="http://www.jcp.org/jcr/1.0" xmlns:nt="http://www.jcp.org/jcr/nt/1.0"
    jcr:primaryType="nt:unstructured"
    jcr:title="Image"
    sling:resourceType="cq/gui/components/authoring/dialog"
    helpPath="https://www.adobe.com/go/aem_cmp_image_v1">
    <content
        jcr:primaryType="nt:unstructured"
        sling:resourceType="granite/ui/components/coral/foundation/container">
        <items jcr:primaryType="nt:unstructured">
            <image
                jcr:primaryType="nt:unstructured"
                jcr:title="Image"
                sling:resourceType="granite/ui/components/coral/foundation/fixedcolumns">
                <items jcr:primaryType="nt:unstructured">
                    <column
                        jcr:primaryType="nt:unstructured"
                        sling:resourceType="granite/ui/components/coral/foundation/container">
                        <items jcr:primaryType="nt:unstructured">
                            <file
                                jcr:primaryType="nt:unstructured"
                                sling:resourceType="granite/ui/components/foundation/form/fileupload"
                                allowUpload="{Boolean}false"
                                autoStart="{Boolean}false"
                                class="cq-droptarget"
                                fieldLabel="Image asset"
                                fileNameParameter="./fileName"
                                fileReferenceParameter="./fileReference"
                                mimeTypes="[image/gif,image/jpeg,image/png,image/webp,image/tiff]"
                                multiple="{Boolean}false"
                                name="./file"
                                title="Upload Image Asset"
                                uploadUrl="/content/dam/projects"
                                useHTML5="{Boolean}true"/>
                            <align
    							jcr:primaryType="nt:unstructured"
							    sling:resourceType="granite/ui/components/coral/foundation/form/select"
							    fieldLabel="Image Alignment"
							    name="./align">
							  <items jcr:primaryType="nt:unstructured">							    
							    <center jcr:primaryType="nt:unstructured"
							      text="Center"
							      value="center"/>
							    <left jcr:primaryType="nt:unstructured"
							      text="Left"
							      value="left"/>
							    <right jcr:primaryType="nt:unstructured"
							      text="Right"
							      value="right"/>
							  </items>
							</align>
                            <alt
                                jcr:primaryType="nt:unstructured"
                                sling:resourceType="granite/ui/components/coral/foundation/form/textfield"
                                fieldDescription="Textual alternative of the meaning or function of the image, for visually impaired readers."
                                fieldLabel="Alternative Text"
                                name="./alt"
                                required="{Boolean}true"
                                wrapperClass="cmp-image--editor-alt"/>
                            <linkURL
                                jcr:primaryType="nt:unstructured"
                                sling:resourceType="granite/ui/components/coral/foundation/form/pathfield"
                                fieldDescription="Make the image a link to another resource."
                                fieldLabel="Link"
                                name="./linkURL"
                                rootPath="/content"
                                wrapperClass="cmp-image--editor-link"/>
                            <caption
                                jcr:primaryType="nt:unstructured"
                                sling:resourceType="granite/ui/components/coral/foundation/form/textfield"
                                fieldDescription="Additional information about the image."
                                fieldLabel="Caption"
                                name="./jcr:title"/>
                        </items>
                    </column>
                </items>
            </image>
        </items>
    </content>
</jcr:root>
