<?xml version="1.0" encoding="UTF-8"?>
<jcr:root xmlns:sling="http://sling.apache.org/jcr/sling/1.0" xmlns:cq="http://www.day.com/jcr/cq/1.0" xmlns:jcr="http://www.jcp.org/jcr/1.0" xmlns:nt="http://www.jcp.org/jcr/nt/1.0"
          jcr:primaryType="nt:unstructured"
          jcr:title="Columns"
          sling:resourceType="cq/gui/components/authoring/dialog">
    <content
            jcr:primaryType="nt:unstructured"
            sling:resourceType="granite/ui/components/foundation/container">
        <layout
                jcr:primaryType="nt:unstructured"
                sling:resourceType="granite/ui/components/foundation/layouts/fixedcolumns"/>
        <items jcr:primaryType="nt:unstructured">
            <column
                    jcr:primaryType="nt:unstructured"
                    sling:resourceType="granite/ui/components/foundation/container">
                <items jcr:primaryType="nt:unstructured">
                    <tabs
                            jcr:primaryType="nt:unstructured"
                            sling:resourceType="granite/ui/components/foundation/container">
                        <layout
                                jcr:primaryType="nt:unstructured"
                                sling:resourceType="granite/ui/components/foundation/layouts/tabs"
                                type="nav"/>
                        <items jcr:primaryType="nt:unstructured">
                            <configuration
                                    jcr:primaryType="nt:unstructured"
                                    jcr:title="Configuration"
                                    sling:resourceType="granite/ui/components/foundation/section">
                                <items jcr:primaryType="nt:unstructured">
                                    <columns
                                            jcr:primaryType="nt:unstructured"
                                            sling:resourceType="granite/ui/components/foundation/form/select"
                                            fieldLabel="Split into"
                                            name="./col">
                                        <items jcr:primaryType="nt:unstructured">
                                            <two
                                                    jcr:primaryType="nt:unstructured"
                                                    text="Two Columns (50/50)"
                                                    value="col-two"/>
                                            <three
                                                    jcr:primaryType="nt:unstructured"
                                                    text="Three Columns"
                                                    value="col-three"/>
                                            <four
                                                    jcr:primaryType="nt:unstructured"
                                                    text="Four Columns"
                                                    value="col-four"/>
                                            <six
                                                    jcr:primaryType="nt:unstructured"
                                                    text="Six Columns"
                                                    value="col-six"/>
                                        </items>
                                    </columns>
                                </items>
                            </configuration>
                        </items>
                    </tabs>
                </items>
            </column>
        </items>
    </content>
</jcr:root>
