<?xml version="1.0" encoding="UTF-8"?>
<jcr:root xmlns:sling="http://sling.apache.org/jcr/sling/1.0" xmlns:cq="http://www.day.com/jcr/cq/1.0" xmlns:jcr="http://www.jcp.org/jcr/1.0"
    cq:lastReplicated="{Date}2013-06-17T21:01:23.060-04:00"
    cq:lastReplicatedBy="admin"
    cq:lastReplicationAction="Activate"
    jcr:mixinTypes="[cq:ReplicationStatus]"
    jcr:primaryType="sling:OrderedFolder">
    <preview.abbvie.ua/>
    <preview.abbvieonderzoek.nl/>
    <preview.lupronped.com/>
    <preview_abbvieonderzoek_nl/>
    <preview_abbvie_ua/>
    <preview_lupronped_com/>
    <preview_abbvie_com/>
    <preview.abbvie.com/>
    <preview_abbvie_com_au/>
    <preview.abbvie.com.au/>
    <preview_abbvie_com_my/>
    <preview.abbvie.com.my/>
    <preview_abbvie_com_cn/>
    <preview.abbvie.com.cn/>
    <preview_abbvie_co_nz/>
    <preview.abbvie.co.nz/>
    <preview_abbvie_com_ar/>
    <preview.abbvie.com.ar/>
    <preview_abbvie_com_hk/>
    <preview.abbvie.com.hk/>
    <preview_abbvie_com_tw/>
    <preview.abbvie.com.tw/>
    <preview_abbvie_com_sg/>
    <preview.abbvie.com.sg/>
    <preview_abbvie_at/>
    <preview.abbvie.at/>
    <preview_abbvie_es/>
    <preview.abbvie.es/>
    <preview_abbvie_ie/>
    <preview.abbvie.ie/>
    <preview_abbvie_co_uk/>
    <preview.abbvie.co.uk/>
    <preview_abbvie_de/>
    <preview.abbvie.de/>
    <preview_abbvie_com_mx/>
    <preview.abbvie.com.mx/>
    <preview_abbvie_nl/>
    <preview.abbvie.nl/>
    <preview_abbvie_fr/>
    <preview.abbvie.fr/>
    <preview_abbvie_dk/>
    <preview.abbvie.dk/>
    <preview_abbvie_com_co/>
    <preview.abbvie.com.co/>
    <preview_abbvie_cz/>
    <preview.abbvie.cz/>
    <preview_abbvie_gr/>
    <preview.abbvie.gr/>
    <preview_abbvie_hu/>
    <preview.abbvie.hu/>
    <preview_abbvie_no/>
    <preview.abbvie.no/>
    <preview_abbvie_ru/>
    <preview.abbvie.ru/>
    <preview_abbvie_it/>
    <preview.abbvie.it/>
    <preview_abbvie_pt/>
    <preview.abbvie.pt/>
    <preview_abbvie_sk/>
    <preview.abbvie.sk/>
    <preview_abbvie_com_tr/>
    <preview.abbvie.com.tr/>
    <preview_abbvie_co_kr/>
    <preview.abbvie.co.kr/>
    <preview_abbvie_se/>
    <preview.abbvie.se/>
    <preview_abbvie_fi/>
    <preview.abbvie.fi/>
    <preview_abbvie_pl/>
    <preview.abbvie.pl/>
    <preview_abbvie_co_jp/>
    <preview.abbvie.co.jp/>
    <preview_abbvie_ca/>
    <preview.abbvie.ca/>
    <preview_abbvie_ch/>
    <preview.abbvie.ch/>
    <preview_abbvie_be/>
    <preview.abbvie.be/>
    <preview_abbvie_co_il/>
    <preview.abbvie.co.il/>
    <author-preview_abbvie_com/>
    <author-preview.abbvie.com/>
    <analytics-preview_abbvie_com/>
    <analytics-preview.abbvie.com/>
    <preview_abbvie_com_br/>
    <preview.abbvie.com.br/>
    <preview_neluitournezpasledos_fr/>
    <preview.neluitournezpasledos.fr/>
    <preview_derkrankheitaufrechtbegegnen_de/>
    <preview.derkrankheitaufrechtbegegnen.de/>
    <preview_dontturnyourbackonit_co_uk/>
    <preview.dontturnyourbackonit.co.uk/>
    <preview_hsonline_ca/>
    <preview.hsonline.ca/>
    <preview_nonvoltarglilaschiena_it/>
    <preview.nonvoltarglilaschiena.it/>
    <preview.aresperanza.com/>
    <preview_aresperanza_com/>
    <preview.arjuntosporestacausa.com/>
    <preview_arjuntosporestacausa_com/>
    <preview.rzsdolaczdodzialania.pl/>
    <preview_rzsdolaczdodzialania_pl/>
    <preview_rajointhefight_com/>
    <preview.rajointhefight.com/>
    <preview.abbviecontractmfg.com/>
    <preview_abbviecontractmfg_com/>
    <preview_hsenligne_ca/>
    <preview.hsenligne.ca/>
    <qrfeedbackglobal-preview_abbvie_com/>
    <qrfeedbackglobal-preview.abbvie.com/>
    <preview_hidradenitisonline_nl/>
    <preview.hidradenitisonline.nl/>
    <pmis-preview_abbvie_com/>
    <pmis-preview.abbvie.com/>
    <preview.dontturnyourbackonit.co.nz/>
    <preview_dontturnyourbackonit_co_nz/>
    <preview.arunetealalucha.com/>
    <preview_arunetealalucha_com/>
    <preview.abbviephase1.com/>
    <preview_abbviephase1_com/>
    <preview_lapsoriasis_com_mx/>
    <preview.lapsoriasis.com.mx/>
    <preview_nuestrapsoriasis_com/>
    <preview.nuestrapsoriasis.com/>
    <preview_naovirecostas_pt/>
    <preview.naovirecostas.pt/>
    <preview_hsonline_se/>
    <preview.hsonline.se/>
    <preview_akne-inversa_at/>
    <preview.akne-inversa.at/>
    <preview_acneinversa_de/>
    <preview.acneinversa.de/>
    <preview_hs-online_it/>
    <preview.hs-online.it/>
    <preview_maladiedeverneuil_fr/>
    <preview.maladiedeverneuil.fr/>
    <preview_hsonline_no/>
    <preview.hsonline.no/>
    <preview_acneinversa_ch/>
    <preview.acneinversa.ch/>
    <preview_conocepsoriasis_com/>
    <preview.conocepsoriasis.com/>
    <preview_psoriasis_es/>
    <preview.psoriasis.es/>
    <preview_hidradenitissuppurativa_co_uk/>
    <preview.hidradenitissuppurativa.co.uk/>
    <preview_idrosadenitesuppurativa_it/>
    <preview.idrosadenitesuppurativa.it/>
    <preview_cviruset_no/>
    <preview.cviruset.no/>
    <preview.ikkegioppryggendin.no/>
    <preview_ikkegioppryggendin_no/>
    <hcp-preview.hepc.dk/>
    <hcp-preview_hepc_dk/>
    <preview.abbvie.com.uy/>
    <preview_abbvie_com_uy/>
    <preview.noledeslaespalda.com.ar/>
    <preview_noledeslaespalda_com_ar/>
    <preview.noledeslaespalda.com.uy/>
    <preview_noledeslaespalda_com_uy/>
    <preview_hsonline_pt/>
    <preview.hsonline.pt/>
    <preview.noledeslaespalda.com/>
    <preview_noledeslaespalda_com/>
    <preview_hs-online_dk/>
    <preview.hs-online.dk/>
    <preview_hsonline_com_hr/>
    <preview.hsonline.com.hr/>
    <preview_hsonline_sk/>
    <preview.hsonline.sk/>
    <preview_hidradenitis_hu/>
    <preview.hidradenitis.hu/>
    <preview_hs-online_si/>
    <preview.hs-online.si/>
    <preview_hsonline_cz/>
    <preview.hsonline.cz/>
    <preview_rxabbvie_com/>
    <preview.rxabbvie.com/>
    <pawebteam-preview_abbvie_com/>
    <pawebteam-preview.abbvie.com/>
    <preview_hsonline_co_il/>
    <preview.hsonline.co.il/>
    <developmentuniversity-preview_abbvie_com/>
    <developmentuniversity-preview.abbvie.com/>
    <preview_hs-online_com_au/>
    <preview.hs-online.com.au/>
    <preview_clinicaltrialsandme_com/>
    <preview.clinicaltrialsandme.com/>
    <preview_clinicaltrialsandme_com_au/>
    <preview.clinicaltrialsandme.com.au/>
    <preview_clinicaltrialsandme_co_uk/>
    <preview.clinicaltrialsandme.co.uk/>
    <northstar-preview_abbvie_com/>
    <northstar-preview.abbvie.com/>
    <preview_hsprosa_com/>
    <preview.hsprosa.com/>
    <preview_hsonlinepro_dk/>
    <preview.hsonlinepro.dk/>
    <preview_hsonlinepro_com/>
    <preview.hsonlinepro.com/>
    <preview_lupronpedpro_com/>
    <preview.lupronpedpro.com/>
    <preview_anesthesiologyhub_com/>
    <preview.anesthesiologyhub.com/>
    <preview_hsinfo_se/>
    <preview.hsinfo.se/>
    <preview_coukrywaskora_pl/>
    <preview.coukrywaskora.pl/>
    <preview_hidradenitislatinoamerica_com/>
    <preview.hidradenitislatinoamerica.com/>
    <preview_hidradenitis_cl/>
    <preview.hidradenitis.cl/>
    <essaiscliniques-preview.abbvie.fr/>
    <essaiscliniques-preview_abbvie_fr/>
</jcr:root>
