<?xml version="1.0" encoding="UTF-8"?>
<jcr:root xmlns:sling="http://sling.apache.org/jcr/sling/1.0" xmlns:cq="http://www.day.com/jcr/cq/1.0" xmlns:jcr="http://www.jcp.org/jcr/1.0" xmlns:nt="http://www.jcp.org/jcr/nt/1.0"
    jcr:primaryType="nt:unstructured"
    jcr:title="Properties"
    sling:resourceType="cq/gui/components/authoring/dialog">
    <content
        jcr:primaryType="nt:unstructured"
        sling:resourceType="granite/ui/components/coral/foundation/container">
        <items jcr:primaryType="nt:unstructured">
            <tabs
                jcr:primaryType="nt:unstructured"
                jcr:title="Contact List"
                sling:resourceType="granite/ui/components/coral/foundation/tabs"
                maximized="{Boolean}true">
                <items jcr:primaryType="nt:unstructured">
                    <carousellist
                        jcr:primaryType="nt:unstructured"
                        jcr:title="Carousel List"
                        sling:resourceType="granite/ui/components/coral/foundation/fixedcolumns"
                        margin="{Boolean}true">
                        <items jcr:primaryType="nt:unstructured">
                            <column
                                jcr:primaryType="nt:unstructured"
                                sling:resourceType="granite/ui/components/coral/foundation/container">
                                <items jcr:primaryType="nt:unstructured">
                                    <interval
                                        jcr:primaryType="nt:unstructured"
                                        sling:resourceType="granite/ui/components/coral/foundation/form/numberfield"
                                        fieldDescription="Interval in milliseconds"
                                        fieldLabel="Interval"
                                        max="60000"
                                        min="3000"
                                        name="./interval"
                                        step="1000"
                                        value="7000"/>
                                    <carouseldetails
                                        jcr:primaryType="nt:unstructured"
                                        sling:resourceType="granite/ui/components/coral/foundation/form/multifield"
                                        class="full-width"
                                        composite="{Boolean}true"
                                        fieldDescription="Click 'Add' to configure Carousel slides"
                                        fieldLabel="Carousel Slide"
                                        maxlinksallowed="3"
                                        minlinksallowed="3">
                                        <field
                                            jcr:primaryType="nt:unstructured"
                                            sling:resourceType="granite/ui/components/coral/foundation/container"
                                            name="./carousel">
                                            <items jcr:primaryType="nt:unstructured">
                                                <pagePath
                                                    jcr:primaryType="nt:unstructured"
                                                    sling:resourceType="granite/ui/components/coral/foundation/form/pathfield"
                                                    class="pagepath1"
                                                    fieldDescription="Corresponding page URL for the news"
                                                    fieldLabel="Page URL"
                                                    name="./pagepath"
                                                    rootPath="/content/intranet"/>
                                                <title
                                                    jcr:primaryType="nt:unstructured"
                                                    sling:resourceType="granite/ui/components/foundation/form/textfield"
                                                    fieldDescription="News Headline "
                                                    fieldLabel="Title/Headline"
                                                    name="./title"/>
                                                <image
                                                    jcr:primaryType="nt:unstructured"
                                                    sling:resourceType="granite/ui/components/coral/foundation/form/pathfield"
                                                    fieldDescription="Image for the news"
                                                    fieldLabel="Image URL"
                                                    name="./image"
                                                    rootPath="/content/dam"/>
                                                <image_x0020_alt
                                                    jcr:primaryType="nt:unstructured"
                                                    sling:resourceType="granite/ui/components/foundation/form/textfield"
                                                    fieldDescription="Alt text for the image"
                                                    fieldLabel="Image Alt Text"
                                                    name="./imgAlt"
                                                    required="{Boolean}true"/>
                                            </items>
                                        </field>
                                    </carouseldetails>
                                </items>
                            </column>
                        </items>
                    </carousellist>
                </items>
            </tabs>
        </items>
    </content>
</jcr:root>
