<?xml version="1.0" encoding="UTF-8"?>
<jcr:root xmlns:sling="http://sling.apache.org/jcr/sling/1.0" xmlns:cq="http://www.day.com/jcr/cq/1.0" xmlns:jcr="http://www.jcp.org/jcr/1.0" xmlns:nt="http://www.jcp.org/jcr/nt/1.0" xmlns:rep="internal"
    jcr:mixinTypes="[rep:AccessControllable]"
    jcr:primaryType="cq:Page">
    <foundation jcr:primaryType="nt:unstructured">
        <components jcr:primaryType="nt:unstructured">
            <parsys jcr:primaryType="nt:unstructured">
                <colctrl jcr:primaryType="nt:unstructured">
                    <policy_1512541650663
                        jcr:lastModified="{Date}2017-12-05T22:28:43.479-08:00"
                        jcr:lastModifiedBy="admin"
                        jcr:primaryType="nt:unstructured"
                        jcr:title="column.control.1"
                        sling:resourceType="wcm/core/components/policy/policy"
                        layouts="P Q">
                        <jcr:content jcr:primaryType="nt:unstructured"/>
                    </policy_1512541650663>
                </colctrl>
            </parsys>
        </components>
    </foundation>
    <wcm jcr:primaryType="nt:unstructured">
        <foundation jcr:primaryType="nt:unstructured">
            <components jcr:primaryType="nt:unstructured">
                <responsivegrid jcr:primaryType="nt:unstructured">
                    <policy_1512602364303
                        jcr:description="Text Image Contact Metadata"
                        jcr:lastModified="{Date}2017-12-06T15:20:11.801-08:00"
                        jcr:lastModifiedBy="admin"
                        jcr:primaryType="nt:unstructured"
                        jcr:title="Article.Body"
                        sling:resourceType="wcm/core/components/policy/policy"
                        components="[/apps/intranet/components/content/contact,/apps/intranet/components/content/text,/apps/intranet/components/content/image,/apps/intranet/components/content/metadata]">
                        <jcr:content jcr:primaryType="nt:unstructured"/>
                    </policy_1512602364303>
                    <policy_1512602423840
                        jcr:description="Related Articles, Text, Image"
                        jcr:lastModified="{Date}2017-12-09T19:24:28.158-08:00"
                        jcr:lastModifiedBy="admin"
                        jcr:primaryType="nt:unstructured"
                        jcr:title="Article.RightPanel"
                        sling:resourceType="wcm/core/components/policy/policy"
                        components="[/apps/intranet/components/content/text,/apps/intranet/components/content/image,/apps/intranet/components/content/relatedpages]">
                        <jcr:content jcr:primaryType="nt:unstructured"/>
                    </policy_1512602423840>
                    <policy_104901894072545
                        jcr:lastModified="{Date}2017-11-08T16:26:24.928-08:00"
                        jcr:lastModifiedBy="admin"
                        jcr:primaryType="nt:unstructured"
                        jcr:title="Intranet.Structure"
                        sling:resourceType="wcm/core/components/policy/policy"
                        components="[/libs/wcm/foundation/components/responsivegrid,group:Intranet.Structure]">
                        <jcr:content jcr:primaryType="nt:unstructured"/>
                    </policy_104901894072545>
                    <policy_108608192325504
                        jcr:lastModified="{Date}2017-11-15T21:47:53.459-08:00"
                        jcr:lastModifiedBy="admin"
                        jcr:primaryType="nt:unstructured"
                        jcr:title="Intranet.Content"
                        sling:resourceType="wcm/core/components/policy/policy"
                        components="[/libs/wcm/foundation/components/responsivegrid,group:Intranet.Content]">
                        <jcr:content jcr:primaryType="nt:unstructured"/>
                    </policy_108608192325504>
                    <policy_1512876150927
                        jcr:lastModified="{Date}2017-12-09T19:23:09.265-08:00"
                        jcr:lastModifiedBy="admin"
                        jcr:primaryType="nt:unstructured"
                        jcr:title="Articles.Body"
                        sling:resourceType="wcm/core/components/policy/policy"
                        components="[/apps/intranet/components/content/contact,/apps/intranet/components/content/text,/apps/intranet/components/content/image,/apps/intranet/components/content/metadata]">
                        <jcr:content jcr:primaryType="nt:unstructured"/>
                    </policy_1512876150927>
                </responsivegrid>
            </components>
        </foundation>
    </wcm>
    <intranet jcr:primaryType="nt:unstructured">
        <components jcr:primaryType="nt:unstructured">
            <content jcr:primaryType="nt:unstructured">
                <image jcr:primaryType="nt:unstructured">
                    <policy_1511064012160
                        jcr:description="Allow orientation control. No cropping. No uploading."
                        jcr:lastModified="{Date}2017-11-18T20:01:37.683-08:00"
                        jcr:lastModifiedBy="admin"
                        jcr:primaryType="nt:unstructured"
                        jcr:title="Intranet.Image.Policy.1"
                        sling:resourceType="wcm/core/components/policy/policy"
                        allowUpload="false">
                        <jcr:content jcr:primaryType="nt:unstructured"/>
                        <plugins jcr:primaryType="nt:unstructured">
                            <crop
                                jcr:primaryType="nt:unstructured"
                                features="-">
                                <aspectRatios jcr:primaryType="nt:unstructured">
                                    <item0
                                        jcr:primaryType="nt:unstructured"
                                        name="Wide Landscape"
                                        ratio="0.6180"/>
                                    <item1
                                        jcr:primaryType="nt:unstructured"
                                        name="Landscape"
                                        ratio="0.8284"/>
                                    <item2
                                        jcr:primaryType="nt:unstructured"
                                        name="Square"
                                        ratio="1"/>
                                    <item3
                                        jcr:primaryType="nt:unstructured"
                                        name="Portrait"
                                        ratio="1.6180"/>
                                </aspectRatios>
                            </crop>
                            <rotate
                                jcr:primaryType="nt:unstructured"
                                features="right"/>
                            <flip
                                jcr:primaryType="nt:unstructured"
                                features="horizontal,vertical"/>
                        </plugins>
                    </policy_1511064012160>
                </image>
                <text jcr:primaryType="nt:unstructured">
                    <policy_1510811302592
                        jcr:description="No H1&#xd;&#xa;Add more details as its finalized"
                        jcr:lastModified="{Date}2017-11-15T21:49:05.352-08:00"
                        jcr:lastModifiedBy="admin"
                        jcr:primaryType="nt:unstructured"
                        jcr:title="Text.Policy.1"
                        sling:resourceType="wcm/core/components/policy/policy">
                        <jcr:content jcr:primaryType="nt:unstructured"/>
                        <rtePlugins jcr:primaryType="nt:unstructured">
                            <paraformat
                                jcr:primaryType="nt:unstructured"
                                features="*">
                                <formats
                                    jcr:primaryType="nt:unstructured"
                                    override="true">
                                    <item0
                                        jcr:primaryType="nt:unstructured"
                                        description="Paragraph"
                                        tag="p"/>
                                    <item1
                                        jcr:primaryType="nt:unstructured"
                                        description="Heading 2"
                                        tag="h2"/>
                                    <item2
                                        jcr:primaryType="nt:unstructured"
                                        description="Heading 3"
                                        tag="h3"/>
                                    <item3
                                        jcr:primaryType="nt:unstructured"
                                        description="Heading 4"
                                        tag="h4"/>
                                    <item4
                                        jcr:primaryType="nt:unstructured"
                                        description="Heading 5"
                                        tag="h5"/>
                                    <item5
                                        jcr:primaryType="nt:unstructured"
                                        description="Heading 6"
                                        tag="h6"/>
                                    <item6
                                        jcr:primaryType="nt:unstructured"
                                        description="Quote"
                                        tag="blockquote"/>
                                    <item7
                                        jcr:primaryType="nt:unstructured"
                                        description="Preformatted"
                                        tag="pre"/>
                                </formats>
                            </paraformat>
                            <misctools
                                jcr:primaryType="nt:unstructured"
                                features="sourceedit,specialchars">
                                <specialCharsConfig jcr:primaryType="nt:unstructured">
                                    <chars
                                        jcr:primaryType="nt:unstructured"
                                        override="true">
                                        <item0
                                            jcr:primaryType="nt:unstructured"
                                            entity="&amp;copy;"
                                            name="copyright"/>
                                        <item1
                                            jcr:primaryType="nt:unstructured"
                                            entity="&amp;euro;"
                                            name="euro"/>
                                        <item2
                                            jcr:primaryType="nt:unstructured"
                                            entity="&amp;reg;"
                                            name="registered"/>
                                        <item3
                                            jcr:primaryType="nt:unstructured"
                                            entity="&amp;trade;"
                                            name="trademark"/>
                                    </chars>
                                </specialCharsConfig>
                            </misctools>
                            <edit
                                jcr:primaryType="nt:unstructured"
                                features="paste-plaintext"/>
                            <spellcheck
                                jcr:primaryType="nt:unstructured"
                                features="-"/>
                            <lists
                                jcr:primaryType="nt:unstructured"
                                features="*"/>
                            <format
                                jcr:primaryType="nt:unstructured"
                                features="bold,italic,underline"/>
                            <links
                                jcr:primaryType="nt:unstructured"
                                features="modifylink,unlink"/>
                            <findreplace
                                jcr:primaryType="nt:unstructured"
                                features="*"/>
                            <table
                                jcr:primaryType="nt:unstructured"
                                features="*"/>
                            <justify
                                jcr:primaryType="nt:unstructured"
                                features="*"/>
                            <subsuperscript
                                jcr:primaryType="nt:unstructured"
                                features="*"/>
                        </rtePlugins>
                    </policy_1510811302592>
                </text>
                <title jcr:primaryType="nt:unstructured">
                    <policy_1510811613948
                        jcr:description="H1 Default"
                        jcr:lastModified="{Date}2017-11-15T21:53:52.938-08:00"
                        jcr:lastModifiedBy="admin"
                        jcr:primaryType="nt:unstructured"
                        jcr:title="Title.H1"
                        sling:resourceType="wcm/core/components/policy/policy"
                        type="h1">
                        <jcr:content jcr:primaryType="nt:unstructured"/>
                    </policy_1510811613948>
                </title>
            </content>
        </components>
    </intranet>
</jcr:root>
