<?xml version="1.0" encoding="UTF-8"?>
<jcr:root xmlns:sling="http://sling.apache.org/jcr/sling/1.0" xmlns:cq="http://www.day.com/jcr/cq/1.0" xmlns:jcr="http://www.jcp.org/jcr/1.0" xmlns:mix="http://www.jcp.org/jcr/mix/1.0" xmlns:nt="http://www.jcp.org/jcr/nt/1.0"
    jcr:primaryType="cq:Page">
    <jcr:content
        cq:contextHubPath="/etc/cloudsettings/default/contexthub"
        cq:contextHubSegmentsPath="/etc/segmentation/contexthub"
        cq:lastModified="{Date}2018-07-12T08:06:09.332-05:00"
        cq:lastModifiedBy="JBWOLNI"
        cq:lastReplicated="{Date}2018-08-07T15:02:38.315-05:00"
        cq:lastReplicatedBy="admin"
        cq:lastReplicationAction="Activate"
        cq:template="/conf/intranet/settings/wcm/templates/two-column"
        jcr:isCheckedOut="{Boolean}true"
        jcr:mixinTypes="[mix:versionable]"
        jcr:primaryType="cq:PageContent"
        jcr:title="Fourth Page"
        jcr:uuid="b3884d84-fd51-4949-a0e6-7f7bc8f314bc"
        sling:resourceType="intranet/components/structure/page"
        hideInNav="true"
        navTitle="My 4th Page">
        <root
            jcr:primaryType="nt:unstructured"
            sling:resourceType="wcm/foundation/components/responsivegrid">
            <responsivegrid
                jcr:created="{Date}2017-11-08T16:26:31.059-08:00"
                jcr:createdBy="admin"
                jcr:lastModified="{Date}2017-11-08T16:26:56.323-08:00"
                jcr:lastModifiedBy="admin"
                jcr:primaryType="nt:unstructured"
                sling:resourceType="wcm/foundation/components/responsivegrid"/>
            <responsivegrid_453904728
                jcr:primaryType="nt:unstructured"
                sling:resourceType="wcm/foundation/components/responsivegrid">
                <tilecontainer
                    jcr:created="{Date}2018-01-23T12:40:00.985-06:00"
                    jcr:createdBy="admin"
                    jcr:lastModified="{Date}2018-01-23T12:40:00.985-06:00"
                    jcr:lastModifiedBy="admin"
                    jcr:primaryType="nt:unstructured"
                    sling:resourceType="intranet/components/content/tileContainer"/>
                <tilecontainer_1790650045
                    jcr:created="{Date}2018-01-23T13:07:54.154-06:00"
                    jcr:createdBy="admin"
                    jcr:lastModified="{Date}2018-01-23T13:07:54.154-06:00"
                    jcr:lastModifiedBy="admin"
                    jcr:primaryType="nt:unstructured"
                    sling:resourceType="intranet/components/content/tileContainer">
                    <tiles
                        jcr:primaryType="nt:unstructured"
                        sling:resourceType="wcm/foundation/components/parsys">
                        <tile
                            jcr:created="{Date}2018-01-23T13:08:03.196-06:00"
                            jcr:createdBy="admin"
                            jcr:lastModified="{Date}2018-01-23T13:08:03.196-06:00"
                            jcr:lastModifiedBy="admin"
                            jcr:primaryType="nt:unstructured"
                            sling:resourceType="intranet/components/content/tile"/>
                    </tiles>
                </tilecontainer_1790650045>
            </responsivegrid_453904728>
            <responsivegrid_1653223910 jcr:primaryType="nt:unstructured">
                <responsivegrid
                    jcr:primaryType="nt:unstructured"
                    sling:resourceType="wcm/foundation/components/responsivegrid">
                    <collapsibletext
                        jcr:created="{Date}2018-01-23T12:21:27.553-06:00"
                        jcr:createdBy="admin"
                        jcr:lastModified="{Date}2018-01-23T12:21:27.553-06:00"
                        jcr:lastModifiedBy="admin"
                        jcr:primaryType="nt:unstructured"
                        sling:resourceType="intranet/components/content/collapsibleText"/>
                </responsivegrid>
            </responsivegrid_1653223910>
            <responsivegrid_1196960364
                jcr:primaryType="nt:unstructured"
                sling:resourceType="wcm/foundation/components/responsivegrid"/>
        </root>
    </jcr:content>
    <two-column-page/>
    <test-2-col/>
</jcr:root>
