<?xml version="1.0" encoding="UTF-8"?>
<jcr:root
	xmlns:sling="http://sling.apache.org/jcr/sling/1.0"
	xmlns:cq="http://www.day.com/jcr/cq/1.0"
	xmlns:jcr="http://www.jcp.org/jcr/1.0"
	xmlns:nt="http://www.jcp.org/jcr/nt/1.0"
    jcr:primaryType="nt:unstructured"
    jcr:title="Image Text Overlay"
    sling:resourceType="cq/gui/components/authoring/dialog">
    <content
        jcr:primaryType="nt:unstructured"
        sling:resourceType="granite/ui/components/foundation/container">
        <layout
            jcr:primaryType="nt:unstructured"
            sling:resourceType="granite/ui/components/foundation/layouts/fixedcolumns"/>
        <items jcr:primaryType="nt:unstructured">
            <column
                jcr:primaryType="nt:unstructured"
                sling:resourceType="granite/ui/components/foundation/container">
                <items jcr:primaryType="nt:unstructured">
                    <text
                        jcr:primaryType="nt:unstructured"
                        sling:resourceType="cq/gui/components/authoring/dialog/richtext"
                        fieldLabel="Overlay Text"
                        name="./text"
                        useFixedInlineToolbar="{Boolean}true">
                        <rtePlugins jcr:primaryType="nt:unstructured">
                            <format
                                jcr:primaryType="nt:unstructured"
                                features="*"/>
                            <lists
                                jcr:primaryType="nt:unstructured"
                                features="*"/>
                            <paraformat
                                jcr:primaryType="nt:unstructured"
                                features="*"/>
                            <links
                                jcr:primaryType="nt:unstructured"
                                features="*"/>
                            <findreplace
                                jcr:primaryType="nt:unstructured"
                                features="*"/>
                            <subsuperscript
                                jcr:primaryType="nt:unstructured"
                                features="*"/>
                            <spellcheck
                                jcr:primaryType="nt:unstructured"
                                features="*"/>
                            <misctools
                                jcr:primaryType="nt:unstructured"
                                features="*">
                                <specialCharsConfig jcr:primaryType="nt:unstructured">
                                    <chars jcr:primaryType="nt:unstructured">
                                        <copyright
                                            jcr:primaryType="nt:unstructured"
                                            entity="&amp;#169;"/>
                                        <trademark
                                            jcr:primaryType="nt:unstructured"
                                            entity="&amp;#8482;"/>
                                        <registered
                                            jcr:primaryType="nt:unstructured"
                                            entity="&amp;#174;"/>
                                        <emDash
                                            jcr:primaryType="nt:unstructured"
                                            entity="&amp;#8212;"/>
                                        <pound
                                            jcr:primaryType="nt:unstructured"
                                            entity="&amp;#163;"/>
                                        <nbsp
                                            jcr:primaryType="nt:unstructured"
                                            entity="&amp;#160;"/>
                                    </chars>
                                </specialCharsConfig>
                            </misctools>
                            <styles
                                jcr:primaryType="nt:unstructured"
                                features="*">
                                <styles jcr:primaryType="nt:unstructured">
                                    <plainSpan
                                        jcr:primaryType="nt:unstructured"
                                        cssName="defaultSpan"
                                        text="Default (add span tag)"/>
                                    <lead
                                        jcr:primaryType="nt:unstructured"
                                        cssName="lead"
                                        text="Lead"/>
                                </styles>
                            </styles>
                            <table
                                jcr:primaryType="nt:unstructured"
                                features="*"/>
                        </rtePlugins>
                        <uiSettings jcr:primaryType="nt:unstructured">
                            <cui jcr:primaryType="nt:unstructured">
                                <inline
                                    jcr:primaryType="nt:unstructured"
                                    toolbar="[format#bold,format#italic,format#underline,#lists,subsuperscript#subscript,subsuperscript#superscript,links#modifylink,links#unlink,links#anchor,findreplace#find,findreplace#replace,spellcheck#checktext,misctools#specialchars,misctools#sourceedit,#styles,#paraformat,table#table]">
                                    <popovers jcr:primaryType="nt:unstructured">
                                        <justify
                                            jcr:primaryType="nt:unstructured"
                                            items="[justify#justifyleft,justify#justifycenter,justify#justifyright]"
                                            ref="justify"/>
                                        <lists
                                            jcr:primaryType="nt:unstructured"
                                            items="[lists#unordered,lists#ordered,lists#outdent,lists#indent]"
                                            ref="lists"/>
                                        <paraformat
                                            jcr:primaryType="nt:unstructured"
                                            items="paraformat:getFormats:paraformat-pulldown"
                                            ref="paraformat"/>
                                        <styles
                                            jcr:primaryType="nt:unstructured"
                                            items="styles:getStyles:styles-pulldown"
                                            ref="styles"/>
                                    </popovers>
                                </inline>
                            </cui>
                        </uiSettings>
                    </text>
                    <textPosition
						jcr:primaryType="nt:unstructured"
						sling:resourceType="granite/ui/components/foundation/form/select"
						fieldDescription="Text will be positioned from either the left or right side of the image while remaining left-justified."
						fieldLabel="Text Position"
						name="./textPosition">
						<items jcr:primaryType="nt:unstructured">
							<left jcr:primaryType="nt:unstructured" text="Left" value="text-left"/>
							<right jcr:primaryType="nt:unstructured" text="Right" value="text-right"/>
						</items>
					</textPosition>
                    <fontColor
                        jcr:primaryType="nt:unstructured"
                        sling:resourceType="granite/ui/components/foundation/form/select"
                        fieldLabel="Font Color"
                        name="./fontColor">
                        <items jcr:primaryType="nt:unstructured">
                            <light
                                jcr:primaryType="nt:unstructured"
                                text="Light"
                                value="font-light"/>
                            <dark
                                jcr:primaryType="nt:unstructured"
                                text="Dark"
                                value="font-dark"/>
                        </items>
                    </fontColor>
                    <darkenImage
                        jcr:primaryType="nt:unstructured"
                        sling:resourceType="granite/ui/components/foundation/form/checkbox"
                        fieldDescription="Adds an opaque layer over the image to make text readable on light images"
                        name="./darkenImage"
                        text="Darken Image"
                        value="{Boolean}true"/>
                    <alt
                        jcr:primaryType="nt:unstructured"
                        sling:resourceType="granite/ui/components/foundation/form/textfield"
                        fieldDescription="Textual alternative of the meaning or function of the image, for visually impaired readers."
                        fieldLabel="Image Alt Text"
                        name="./alt"/>
                    <image
                        jcr:primaryType="nt:unstructured"
                        sling:resourceType="granite/ui/components/foundation/form/fileupload"
                        allowUpload="{Boolean}false"
                        autoStart="{Boolean}false"
                        class="cq-droptarget"
                        ddGroups="media"
                        fieldLabel="Image"
                        fileNameParameter="./fileName"
                        fileReferenceParameter="./fileReference"
                        mimeTypes="[image]"
                        multiple="{Boolean}false"
                        name="./file"
                        title="Image"
                        uploadUrl="${suffix.path}"
                        useHTML5="{Boolean}true"/>
                </items>
            </column>
        </items>
    </content>
</jcr:root>
