<?xml version="1.0" encoding="UTF-8"?>
<jcr:root 
    xmlns:sling="http://sling.apache.org/jcr/sling/1.0"
    xmlns:cq="http://www.day.com/jcr/cq/1.0" 
    xmlns:jcr="http://www.jcp.org/jcr/1.0"
    jcr:description="Horizontal Related Pages Component for Intranet"
    jcr:primaryType="cq:Component"
    jcr:title="Horizontal Related Pages Component"
    componentGroup="Intranet.Content">
    <cq:design_dialog
    	jcr:primaryType="nt:unstructured"
    	jcr:title="Horizontal Related Pages"
    	sling:resourceType="cq/gui/components/authoring/dialog">
	    <content
	        jcr:primaryType="nt:unstructured"
	        sling:resourceType="granite/ui/components/coral/foundation/container">
	        <items jcr:primaryType="nt:unstructured">
	            <fixedcolums
	                jcr:primaryType="nt:unstructured"
	                sling:resourceType="granite/ui/components/coral/foundation/fixedcolumns">
	                <items jcr:primaryType="nt:unstructured">
	                    <properties
	                        jcr:primaryType="nt:unstructured"
	                        jcr:title="Horizontal Related Pages Properties"
	                        sling:resourceType="granite/ui/components/coral/foundation/container">
	                        <items jcr:primaryType="nt:unstructured">	                            
	                              <startPath
	    							jcr:primaryType="nt:unstructured"
	    							sling:resourceType="granite/ui/components/coral/foundation/form/pathbrowser"
	    							rootPath="/content/intranet/home"
	    							emptyText="Path to search start page"
	    							fieldLabel="Horizontal Related Page Search Start Page"
									name="./startPath"/>
								  <results
									jcr:primaryType="nt:unstructured"
									sling:resourceType="granite/ui/components/coral/foundation/form/numberfield"
									fieldDescription="(eg: 1 for 1 results returned)"
									fieldLabel="Number of results to display"
									max="10"
									min="3"
									name="./results"
									step="1"
									value="3"/>                            
	                        </items>
	                    </properties>
	                </items>
	            </fixedcolums>
	        </items>
	    </content>
	</cq:design_dialog>
</jcr:root>