<?xml version="1.0" encoding="UTF-8"?>
<jcr:root xmlns:sling="http://sling.apache.org/jcr/sling/1.0" xmlns:cq="http://www.day.com/jcr/cq/1.0" xmlns:jcr="http://www.jcp.org/jcr/1.0" xmlns:nt="http://www.jcp.org/jcr/nt/1.0"
    jcr:primaryType="nt:unstructured"
    jcr:title="List - Drop Down"
    sling:resourceType="cq/gui/components/authoring/dialog">
    <content
        jcr:primaryType="nt:unstructured"
        sling:resourceType="granite/ui/components/foundation/container">
        <layout
            jcr:primaryType="nt:unstructured"
            sling:resourceType="granite/ui/components/foundation/layouts/fixedcolumns"/>
        <items jcr:primaryType="nt:unstructured">
            <column
                jcr:primaryType="nt:unstructured"
                sling:resourceType="granite/ui/components/foundation/container">
                <items jcr:primaryType="nt:unstructured">
                    <tabs
                        jcr:primaryType="nt:unstructured"
                        sling:resourceType="granite/ui/components/foundation/container">
                        <layout
                            jcr:primaryType="nt:unstructured"
                            sling:resourceType="granite/ui/components/foundation/layouts/tabs"
                            type="nav"/>
                        <items jcr:primaryType="nt:unstructured">
                            <configuration
                                jcr:primaryType="nt:unstructured"
                                jcr:title="Configuration"
                                sling:resourceType="granite/ui/components/foundation/section">
                                <items jcr:primaryType="nt:unstructured">
                                 	<title
                                        jcr:primaryType="nt:unstructured"
                                        sling:resourceType="granite/ui/components/foundation/form/textfield"
                                        fieldLabel="Title"
                                        name="./title"/>
                                    <listType
                                        jcr:primaryType="nt:unstructured"
                                        sling:resourceType="granite/ui/components/foundation/form/select"
                                        class="cq-dialog-dropdown-showhide"
                                        cq-dialog-dropdown-showhide-target=".type-show-hide"
                                        fieldLabel="List Type"
                                        name="./listType">
                                        <items jcr:primaryType="nt:unstructured">
                                            <parent
                                                jcr:primaryType="nt:unstructured"
                                                text="Parent"
                                                value="parent"/>
                                            <manual
                                                jcr:primaryType="nt:unstructured"
                                                text="Manual"
                                                value="manual"/>
                                            <tag
                                                jcr:primaryType="nt:unstructured"
                                                text="Tag"
                                                value="tag"/>
                                        </items>
                                    </listType>
                                    <links
                                        jcr:primaryType="nt:unstructured"
                                        sling:resourceType="foundation/components/form/multifield"
                                        class="type-show-hide hide"
                                        fieldLabel="Links"
                                        id="custom-wide-multifield"
                                        showhidetargetvalue="manual">
                                        <field
                                            jcr:primaryType="nt:unstructured"
                                            sling:resourceType="granite/ui/components/foundation/form/fieldset"
                                            name="./links">
                                            <layout
                                                jcr:primaryType="nt:unstructured"
                                                sling:resourceType="granite/ui/components/foundation/layouts/fixedcolumns"
                                                method="absolute"/>
                                            <items jcr:primaryType="nt:unstructured">
                                                <column
                                                    jcr:primaryType="nt:unstructured"
                                                    sling:resourceType="granite/ui/components/foundation/container">
                                                    <items jcr:primaryType="nt:unstructured">
                                                        <title
                                                            jcr:primaryType="nt:unstructured"
                                                            sling:resourceType="granite/ui/components/foundation/form/textfield"
                                                            fieldLabel="Title"
                                                            name="./title"/>
                                                        <path
                                                            jcr:primaryType="nt:unstructured"
                                                            sling:resourceType="granite/ui/components/foundation/form/pathbrowser"
                                                            fieldLabel="Path"
                                                            name="./path"
                                                            rootPath="/content"/>
                                                        <target
                                                            jcr:primaryType="nt:unstructured"
                                                            sling:resourceType="granite/ui/components/foundation/form/textfield"
                                                            fieldLabel="Target"
                                                            name="./target"/>
                                                    </items>
                                                </column>
                                            </items>
                                        </field>
                                    </links>
                                    <parentPath
                                        jcr:primaryType="nt:unstructured"
                                        sling:resourceType="granite/ui/components/foundation/form/pathbrowser"
                                        class="type-show-hide hide"
                                        fieldLabel="Parent Path"
                                        name="./parentPath"
                                        rootPath="/content"
                                        showhidetargetvalue="parent"/>
                                    <tag
                                        jcr:primaryType="nt:unstructured"
                                        sling:resourceType="cq/gui/components/common/tagspicker"
                                        class="type-show-hide hide"
                                        allowBulkEdit="{Boolean}true"
                                        allowCreate="{Boolean}false"
                                        cq:showOnCreate="{Boolean}true"
                                        cq-msm-lockable="cq:tags"
                                        fieldLabel="Tags"
                                        name="./tags"
                                        showhidetargetvalue="tag"/>
                                    <tag-type
                                       jcr:primaryType="nt:unstructured"
                                       sling:resourceType="granite/ui/components/foundation/form/hidden"
                                       name="./tags@TypeHint"
                                       value="String[]"/>
                                </items>
                            </configuration>
                        </items>
                    </tabs>
                </items>
            </column>
        </items>
    </content>
</jcr:root>
