<?xml version="1.0" encoding="UTF-8"?>
<jcr:root 
    xmlns:sling="http://sling.apache.org/jcr/sling/1.0"
    xmlns:jcr="http://www.jcp.org/jcr/1.0"
    jcr:primaryType="nt:unstructured"
    jcr:title="Tile Container"
    sling:resourceType="cq/gui/components/authoring/dialog">
    <content
        jcr:primaryType="nt:unstructured"
        sling:resourceType="granite/ui/components/coral/foundation/container">
        <items jcr:primaryType="nt:unstructured">
            <tabs
				jcr:primaryType="nt:unstructured"
                sling:resourceType="granite/ui/components/coral/foundation/tabs"
                maximized="{Boolean}true">
                <items jcr:primaryType="nt:unstructured">
                    <allowedcomponents
                        jcr:primaryType="nt:unstructured"
                        jcr:title="Allowed Components"
                        sling:resourceType="granite/ui/components/coral/foundation/container"
                        margin="{Boolean}true">
                        <items jcr:primaryType="nt:unstructured">
                            <components
                                jcr:primaryType="nt:unstructured"
                                sling:resourceType="cq/gui/components/authoring/allowedcomponents"
                                name="./components"/>
                        </items>
                    </allowedcomponents>
				</items>
			</tabs>
		</items>
	</content>
</jcr:root>