<?xml version="1.0" encoding="UTF-8"?>
<jcr:root xmlns:sling="http://sling.apache.org/jcr/sling/1.0" xmlns:cq="http://www.day.com/jcr/cq/1.0" xmlns:jcr="http://www.jcp.org/jcr/1.0" xmlns:nt="http://www.jcp.org/jcr/nt/1.0"
    jcr:primaryType="cq:Page">
    <jcr:content
        cq:lastModified="{Date}2017-11-09T08:11:57.306-08:00"
        cq:lastModifiedBy="admin"
        cq:template="/conf/intranet/settings/wcm/templates/two-column"
        jcr:primaryType="cq:PageContent"
        jcr:title="About U.S. Bank"
        sling:resourceType="intranet/components/structure/page">
        <root
            jcr:primaryType="nt:unstructured"
            sling:resourceType="wcm/foundation/components/responsivegrid">
            <responsivegrid
                jcr:created="{Date}2017-11-08T16:26:31.059-08:00"
                jcr:createdBy="admin"
                jcr:lastModified="{Date}2017-11-08T16:26:56.323-08:00"
                jcr:lastModifiedBy="admin"
                jcr:primaryType="nt:unstructured"
                sling:resourceType="wcm/foundation/components/responsivegrid"/>
        </root>
    </jcr:content>
    <insideusb/>
    <newsroom/>
    <marketing/>
    <collaboration/>
    <directory/>
    <businesslines/>
</jcr:root>
