<?xml version="1.0" encoding="UTF-8"?>
<jcr:root xmlns:sling="http://sling.apache.org/jcr/sling/1.0" xmlns:cq="http://www.day.com/jcr/cq/1.0" xmlns:jcr="http://www.jcp.org/jcr/1.0" xmlns:mix="http://www.jcp.org/jcr/mix/1.0" xmlns:nt="http://www.jcp.org/jcr/nt/1.0"
    jcr:primaryType="cq:Page">
    <jcr:content
        cq:contextHubPath="/etc/cloudsettings/default/contexthub"
        cq:contextHubSegmentsPath="/etc/segmentation/contexthub"
        cq:lastModified="{Date}2018-08-21T13:42:43.926-05:00"
        cq:lastModifiedBy="bswalke"
        cq:lastReplicated="{Date}2018-09-04T14:06:58.971-05:00"
        cq:lastReplicatedBy="jbwolni"
        cq:lastReplicationAction="Activate"
        cq:template="/conf/intranet/settings/wcm/templates/two-column"
        jcr:description="This is a landing page for HR Policies and Resources."
        jcr:isCheckedOut="{Boolean}true"
        jcr:mixinTypes="[mix:versionable]"
        jcr:primaryType="cq:PageContent"
        jcr:title="Policies and Resources"
        jcr:uuid="d3975637-518a-4abe-9605-6a971644ba1a"
        sling:resourceType="intranet/components/structure/page"
        hideInNav="true"
        navTitle="Policies and Resources"
        pageTitle="Policies and Resources">
        <root
            jcr:primaryType="nt:unstructured"
            sling:resourceType="wcm/foundation/components/responsivegrid">
            <responsivegrid
                jcr:created="{Date}2017-11-08T16:26:31.059-08:00"
                jcr:createdBy="admin"
                jcr:lastModified="{Date}2017-11-08T16:26:56.323-08:00"
                jcr:lastModifiedBy="admin"
                jcr:primaryType="nt:unstructured"
                sling:resourceType="wcm/foundation/components/responsivegrid">
                <title
                    jcr:created="{Date}2018-08-02T10:43:09.140-05:00"
                    jcr:createdBy="bswalke"
                    jcr:lastModified="{Date}2018-08-02T14:35:43.848-05:00"
                    jcr:lastModifiedBy="jbwolni"
                    jcr:primaryType="nt:unstructured"
                    jcr:title="Policies and Resources"
                    sling:resourceType="intranet/components/content/title"/>
            </responsivegrid>
            <responsivegrid_1653223910
                jcr:created="{Date}2018-01-09T15:10:33.786-08:00"
                jcr:createdBy="admin"
                jcr:lastModified="{Date}2018-01-09T15:12:20.577-08:00"
                jcr:lastModifiedBy="admin"
                jcr:primaryType="nt:unstructured"
                sling:resourceType="wcm/foundation/components/responsivegrid">
                <responsivegrid
                    jcr:created="{Date}2018-01-09T15:12:34.310-08:00"
                    jcr:createdBy="admin"
                    jcr:lastModified="{Date}2018-01-09T15:13:07.654-08:00"
                    jcr:lastModifiedBy="admin"
                    jcr:primaryType="nt:unstructured"
                    sling:resourceType="wcm/foundation/components/responsivegrid">
                    <image
                        jcr:created="{Date}2018-08-02T10:48:20.371-05:00"
                        jcr:createdBy="bswalke"
                        jcr:lastModified="{Date}2018-08-02T14:31:02.119-05:00"
                        jcr:lastModifiedBy="jbwolni"
                        jcr:primaryType="nt:unstructured"
                        sling:resourceType="intranet/components/content/image"
                        align="center"
                        fileReference="/content/dam/intranet/insideusb/businesslines/humanresources/policies-and-resources/Code of ethics.JPG">
                        <cq:responsive jcr:primaryType="nt:unstructured">
                            <default
                                jcr:primaryType="nt:unstructured"
                                width="3"/>
                        </cq:responsive>
                    </image>
                    <collapsibletext
                        jcr:created="{Date}2018-08-02T10:48:57.786-05:00"
                        jcr:createdBy="bswalke"
                        jcr:lastModified="{Date}2018-08-02T14:35:58.638-05:00"
                        jcr:lastModifiedBy="jbwolni"
                        jcr:primaryType="nt:unstructured"
                        sling:resourceType="intranet/components/content/collapsibleText"
                        header="Code of Ethics and reporting ethics concerns. "
                        mobiledefaultopen="false"
                        text="&lt;p>Our &lt;a href=&quot;http://usbnetportal.us.bank-dns.com/HR/docs/policies-and-resources/CodeOfEthicsInternal.pdf&quot;>Code of Ethics and Business Conduct&lt;/a> shows us how to be the most trusted choice. Reading the Code and understanding how it applies to you is one of your most important responsibilities. Acting with integrity—and speaking up when you have concerns—is how you help us protect our reputation and brand, mitigate risk and strengthen our ethical culture. &lt;a href=&quot;http://usbnetportal.us.bank-dns.com/HR/policies-and-resources/code-of-ethics.aspx&quot;>Learn more &amp;gt;&lt;/a>&lt;/p>&#xd;&#xa;"
                        textIsRich="true">
                        <cq:responsive jcr:primaryType="nt:unstructured">
                            <default
                                jcr:primaryType="nt:unstructured"
                                offset="0"
                                width="4"/>
                        </cq:responsive>
                    </collapsibletext>
                </responsivegrid>
            </responsivegrid_1653223910>
            <responsivegrid_1196960364
                jcr:created="{Date}2018-01-09T15:10:14.868-08:00"
                jcr:createdBy="admin"
                jcr:lastModified="{Date}2018-01-09T15:12:07.751-08:00"
                jcr:lastModifiedBy="admin"
                jcr:primaryType="nt:unstructured"
                sling:resourceType="wcm/foundation/components/responsivegrid">
                <linklist
                    jcr:created="{Date}2018-08-02T15:18:29.417-05:00"
                    jcr:createdBy="jbwolni"
                    jcr:lastModified="{Date}2018-08-21T13:42:43.919-05:00"
                    jcr:lastModifiedBy="bswalke"
                    jcr:primaryType="nt:unstructured"
                    sling:resourceType="intranet/components/content/linkList"
                    title="Related Links">
                    <iItems jcr:primaryType="nt:unstructured">
                        <item0
                            jcr:primaryType="nt:unstructured"
                            iLink="http://usbnetportal.us.bank-dns.com/HR/pay-perks-and-incentives/hrtime.aspx"
                            iName="HRTime Resources"/>
                        <item1
                            jcr:primaryType="nt:unstructured"
                            iLink="http://usbnetportal/cfoorganization/corporateinsurance/default.aspx"
                            iName="Report an accident"/>
                        <item2
                            jcr:primaryType="nt:unstructured"
                            iLink="http://usbnetportal.us.bank-dns.com/technologyservices/ISS/Docs/Security_Event_Contacts_USB_and_Elavon.pdf"
                            iName="Report a security event"/>
                        <item3
                            jcr:primaryType="nt:unstructured"
                            iLink="http://usbportal.us.bank-dns.com/sites/enterpriserisk/bwtraining/Privacy%20Office/Privacy/Information%20Protection%20Guide.pdf"
                            iName="Information Protection Guide"/>
                        <item4
                            jcr:primaryType="nt:unstructured"
                            iLink="http://usbnetportal.us.bank-dns.com/TechnologyServices/ISS/Learn/ISStandards.aspx"
                            iName="Information Security documents"/>
                        <item5
                            jcr:primaryType="nt:unstructured"
                            iLink="http://usbnetportal.us.bank-dns.com/ourcompany/SocialMedia/SocialMedia.aspx#_type=0&amp;amp;unid=CCD4DAA53DA9E8888625797C005CC909_"
                            iName="Social Media Guidelines"/>
                    </iItems>
                </linklist>
            </responsivegrid_1196960364>
            <responsivegrid_453904728
                jcr:created="{Date}2018-01-09T16:52:11.160-08:00"
                jcr:createdBy="admin"
                jcr:lastModified="{Date}2018-01-09T16:52:45.058-08:00"
                jcr:lastModifiedBy="admin"
                jcr:primaryType="nt:unstructured"
                sling:resourceType="wcm/foundation/components/responsivegrid">
                <title
                    jcr:created="{Date}2018-08-02T11:20:28.616-05:00"
                    jcr:createdBy="bswalke"
                    jcr:lastModified="{Date}2018-08-02T14:36:18.899-05:00"
                    jcr:lastModifiedBy="jbwolni"
                    jcr:primaryType="nt:unstructured"
                    jcr:title="Policies and resources documents"
                    sling:resourceType="intranet/components/content/title"
                    type="h2">
                    <cq:responsive jcr:primaryType="nt:unstructured"/>
                </title>
                <tilecontainer
                    jcr:created="{Date}2018-08-02T11:22:29.881-05:00"
                    jcr:createdBy="bswalke"
                    jcr:lastModified="{Date}2018-08-02T11:22:29.881-05:00"
                    jcr:lastModifiedBy="bswalke"
                    jcr:primaryType="nt:unstructured"
                    sling:resourceType="intranet/components/content/tileContainer">
                    <tiles
                        jcr:primaryType="nt:unstructured"
                        sling:resourceType="wcm/foundation/components/parsys">
                        <collapsibletext
                            jcr:created="{Date}2018-08-02T11:23:16.848-05:00"
                            jcr:createdBy="bswalke"
                            jcr:lastModified="{Date}2018-08-02T14:37:28.863-05:00"
                            jcr:lastModifiedBy="jbwolni"
                            jcr:primaryType="nt:unstructured"
                            sling:resourceType="intranet/components/content/collapsibleText"
                            mobiledefaultopen="false"
                            text="&lt;p>&lt;b>Emergencies/weather&lt;br />&#xd;&#xa;&lt;/b>&lt;a href=&quot;http://usbnetportal.us.bank-dns.com/corporateriskmanagement/crisismanagement/E-3_Line.aspx&quot;>Emergency Event Line&lt;/a> &lt;br />&#xd;&#xa;&lt;a title=&quot;Hazardous Conditions &quot; href=&quot;http://usbnetportal.us.bank-dns.com/hr/policies-and-resources/hazardous-conditions-and-weather-emergencies.aspx&quot;>Hazardous Conditions&lt;/a> &lt;br />&#xd;&#xa;&lt;a href=&quot;http://usbnetportal.us.bank-dns.com/hr/policies-and-resources/hazardous-conditions-and-weather-emergencies.aspx&quot;>Weather Emergencies &lt;/a>&lt;b>&lt;/b>&lt;/p>&#xd;&#xa;&lt;p>&lt;b>Employment policies&lt;br />&#xd;&#xa;&lt;/b>&lt;a href=&quot;http://usbnetportal.us.bank-dns.com/HR/docs/policies-and-resources/AffirmativeActionPlan.pdf&quot;>Affirmative Action Plan&lt;/a>&lt;br />&#xd;&#xa;&lt;a title=&quot;Background Inquiries&quot; href=&quot;http://usbnetportal.us.bank-dns.com/hr/policies-and-resources/background-inquiries.aspx&quot;>Background Inquiries&lt;/a>  &lt;br />&#xd;&#xa;&lt;a href=&quot;http://usbnetportal.us.bank-dns.com/hr/policies-and-resources/equal-employment-opportunity-statement.aspx&quot;>EEO Statement&lt;/a>&lt;br />&#xd;&#xa;&lt;a href=&quot;http://usbnetportal.us.bank-dns.com/HR/policies-and-resources/lifeworks.aspx&quot;>Employee Assistance Program&lt;/a>&lt;br />&#xd;&#xa;&lt;a href=&quot;http://usbnetportal.us.bank-dns.com/HR/policies-and-resources/endorsements-references-employment-verification.aspx&quot;>Employment Verification&lt;/a>&lt;br />&#xd;&#xa;&lt;a title=&quot;Endorsements/References &quot; href=&quot;http://usbnetportal.us.bank-dns.com/hr/policies-and-resources/endorsements-references-employment-verification.aspx&quot;>Endorsements/References&lt;/a> &lt;br />&#xd;&#xa;&lt;a title=&quot;Family Employment&quot; href=&quot;http://usbnetportal.us.bank-dns.com/hr/policies-and-resources/family-employment-and-personal-relationships.aspx&quot;>Family Employment&lt;/a> &lt;br />&#xd;&#xa;&lt;a href=&quot;http://usbnetportal.us.bank-dns.com/HR/policies-and-resources/job-posting-policy.aspx&quot;>Job posting policy&lt;/a>&lt;br />&#xd;&#xa;&lt;a title=&quot;Open Communication&quot; href=&quot;http://usbnetportal.us.bank-dns.com/hr/policies-and-resources/open-communication.aspx&quot;>Open Communication&lt;/a>&lt;br />&#xd;&#xa;&lt;a href=&quot;http://usbnetportal.us.bank-dns.com/HR/policies-and-resources/pay-transparency.aspx&quot;>Pay Transparency&lt;/a> &lt;br />&#xd;&#xa;&lt;a title=&quot;Personal Relationships&quot; href=&quot;http://usbnetportal.us.bank-dns.com/hr/policies-and-resources/family-employment-and-personal-relationships.aspx&quot;>Personal Relationships&lt;/a> &lt;br />&#xd;&#xa;&lt;a title=&quot;Reasonable Accommodations&quot; href=&quot;http://usbnetportal.us.bank-dns.com/HR/docs/policies-and-resources/reasonable-accommodation.pdf&quot;>Reasonable Accommodations&lt;/a>&lt;/p>&#xd;&#xa;&lt;p>&lt;b>Miscellaneous&lt;br />&#xd;&#xa;&lt;/b>&lt;a href=&quot;http://usbnetportal.us.bank-dns.com/HR/docs/policies-and-resources/adoption-assistance.pdf&quot;>Adoption Assistance Reimbursement Program&lt;/a>&lt;b>&lt;br />&#xd;&#xa;&lt;/b>&lt;a title=&quot;Employee Status Definitions&quot; href=&quot;http://usbnetportal.us.bank-dns.com/hr/policies-and-resources/employee-status-definitions.aspx&quot;>Employee Status Definitions&lt;/a>&lt;br />&#xd;&#xa;&lt;a title=&quot;Organ Donation&quot; href=&quot;http://usbnetportal.us.bank-dns.com/hr/policies-and-resources/organ-donation.aspx&quot;>Organ Donation&lt;/a>&lt;/p>&#xd;&#xa;"
                            textIsRich="true"/>
                        <collapsibletext_73549095
                            jcr:created="{Date}2018-08-02T11:23:20.968-05:00"
                            jcr:createdBy="bswalke"
                            jcr:lastModified="{Date}2018-08-02T11:25:52.502-05:00"
                            jcr:lastModifiedBy="bswalke"
                            jcr:primaryType="nt:unstructured"
                            sling:resourceType="intranet/components/content/collapsibleText"
                            mobiledefaultopen="false"
                            text="&lt;p>&lt;b>Safety and security&lt;br>&#xd;&#xa;&lt;/b>&lt;a title=&quot;Accidents/Workers Comp&quot; href=&quot;http://usbnetportal.us.bank-dns.com/HR/docs/policies-and-resources/accidents-and-workers-compensation.pdf&quot;>Accidents/Workers Comp&lt;/a>&amp;nbsp;&lt;br>&#xd;&#xa;&lt;a title=&quot;Communicable Diseases &quot; href=&quot;http://usbnetportal.us.bank-dns.com/hr/policies-and-resources/communicable-diseases.aspx&quot;>Communicable Diseases&lt;/a>&lt;br>&#xd;&#xa;&lt;a href=&quot;http://usbnetportal.us.bank-dns.com/HR/policies-and-resources/data-privacy-notice-europe.aspx&quot;>Data Privacy Notice: Europe&lt;/a>&lt;br>&#xd;&#xa;&lt;a href=&quot;http://usbnetportal.us.bank-dns.com/HR/docs/policies-and-resources/employee-privacy-policy.pdf&quot;>Employee Privacy Policy&lt;/a>&lt;br>&#xd;&#xa;&lt;a href=&quot;http://usbnetportal.us.bank-dns.com/TechnologyServices/ISS/Docs/PoliciesStandards/ISS_Policy-Acceptable_Use.pdf&quot;>ISS Acceptable Use Policy&lt;/a>&lt;br>&#xd;&#xa;&lt;a title=&quot;Photography Onsite&quot; href=&quot;http://usbnetportal.us.bank-dns.com/hr/policies-and-resources/onsite-photography.aspx&quot;>Photography Onsite&lt;/a>&amp;nbsp;&lt;br>&#xd;&#xa;&lt;a href=&quot;http://usbnetportal.us.bank-dns.com/hr/policies-and-resources/remote-access-usage.aspx&quot;>Remote Access Usage&lt;/a>&lt;br>&#xd;&#xa;&lt;a title=&quot;Reporting Criminal Offenses &quot; href=&quot;http://usbnetportal.us.bank-dns.com/HR/docs/policies-and-resources/reporting-criminal-offenses-policy.pdf&quot;>Reporting Criminal Offenses&lt;/a>&amp;nbsp;&lt;br>&#xd;&#xa;&lt;a title=&quot;Restraining Orders&quot; href=&quot;http://usbnetportal.us.bank-dns.com/HR/docs/policies-and-resources/reporting-restrainig-orders-policy.pdf&quot;>Restraining Orders&lt;/a>&amp;nbsp;&lt;br>&#xd;&#xa;&lt;a title=&quot;Security Access/ID Cards &quot; href=&quot;http://usbnetportal.us.bank-dns.com/hr/policies-and-resources/security-access-and-identification-cards.aspx&quot;>Security Access/ID Cards&lt;/a>&amp;nbsp;&lt;br>&#xd;&#xa;&lt;a title=&quot;Security in the Workplace &quot; href=&quot;http://usbnetportal.us.bank-dns.com/hr/policies-and-resources/security-in-the-workplace.aspx&quot;>Security in the Workplace&lt;/a>&amp;nbsp;&lt;br>&#xd;&#xa;&lt;a title=&quot;Weapons in the Workplace&quot; href=&quot;http://usbnetportal.us.bank-dns.com/HR/docs/policies-and-resources/weapons-in-the-workplace.pdf&quot;>Weapons in the Workplace&lt;/a>&amp;nbsp;&amp;nbsp;&amp;nbsp;&lt;br>&#xd;&#xa;&lt;a title=&quot;Workplace Searches &quot; href=&quot;http://usbnetportal.us.bank-dns.com/hr/policies-and-resources/workplace-searches.aspx&quot;>Workplace Searches&lt;/a>&amp;nbsp;&lt;br>&#xd;&#xa;&lt;a title=&quot;Workplace Violence Prevention&quot; href=&quot;http://usbnetportal.us.bank-dns.com/hr/policies-and-resources/workplace-violence.aspx&quot;>Workplace Violence Prevention&lt;/a>&amp;nbsp;&amp;nbsp;&lt;/p>&#xd;&#xa;&lt;p>&lt;b>Time away from work&lt;br>&#xd;&#xa;&lt;/b>&lt;a href=&quot;http://usbnetportal.us.bank-dns.com/hr/policies-and-resources/court-and-legal-matters.aspx&quot;>Court and Legal Matters&lt;/a>&amp;nbsp;&lt;br>&#xd;&#xa;&lt;a title=&quot;Funerals and Bereavement &quot; href=&quot;http://usbnetportal.us.bank-dns.com/hr/policies-and-resources/funerals-and-bereavement-leave.aspx&quot;>Funerals and Bereavement&lt;/a>&amp;nbsp;&lt;br>&#xd;&#xa;&lt;a title=&quot;Holidays&quot; href=&quot;http://usbnetportal.us.bank-dns.com/hr/policies-and-resources/holidays.aspx&quot;>Holidays&lt;/a>&lt;br>&#xd;&#xa;&lt;a title=&quot;Jury Duty&quot; href=&quot;http://usbnetportal.us.bank-dns.com/hr/policies-and-resources/jury-duty.aspx&quot;>Jury Duty&lt;/a>&amp;nbsp;&lt;br>&#xd;&#xa;&lt;a href=&quot;http://usbnetportal.us.bank-dns.com/HR/docs/policies-and-resources/attendance-absenteeism.pdf&quot;>Job abandonment&lt;/a>&lt;br>&#xd;&#xa;&lt;a title=&quot;Leaves of Absence&quot; href=&quot;http://usbnetportal.us.bank-dns.com/hr/policies-and-resources/leaves-of-absence.aspx&quot;>Leaves of Absence&lt;/a>&lt;br>&#xd;&#xa;&lt;a href=&quot;http://usbnetportal.us.bank-dns.com/HR/docs/sick-and-safe-leave-policy.pdf&quot;>Sick and Safe Leave&lt;/a>&lt;br>&#xd;&#xa;&lt;a title=&quot;Vacation and Purchased Vacation&quot; href=&quot;http://usbnetportal.us.bank-dns.com/hr/policies-and-resources/vacation-and-purchased-vacation.aspx&quot;>Vacation and Purchased Vacation&lt;/a>&lt;br>&#xd;&#xa;&lt;a title=&quot;Volunteerism&quot; href=&quot;http://usbnetportal.us.bank-dns.com/hr/policies-and-resources/volunteer-time-off.aspx&quot;>Volunteerism&lt;/a>&lt;/p>&#xd;&#xa;"
                            textIsRich="true"/>
                        <collapsibletext_1492134027
                            jcr:created="{Date}2018-08-02T11:23:30.151-05:00"
                            jcr:createdBy="bswalke"
                            jcr:lastModified="{Date}2018-08-02T11:26:02.831-05:00"
                            jcr:lastModifiedBy="bswalke"
                            jcr:primaryType="nt:unstructured"
                            sling:resourceType="intranet/components/content/collapsibleText"
                            mobiledefaultopen="false"
                            text="&lt;p>&lt;b>Working at U.S. Bank&lt;br>&#xd;&#xa;&lt;/b>&lt;a href=&quot;http://usbnetportal.us.bank-dns.com/HR/docs/policies-and-resources/attendance-absenteeism.pdf&quot;>Attendance and Time Reporting&lt;/a>&lt;br>&#xd;&#xa;&lt;a title=&quot;Accurate Employment Records &quot; href=&quot;http://usbnetportal.us.bank-dns.com/hr/policies-and-resources/accurate-employment-records.aspx&quot;>Accurate Employment Records&lt;/a>&amp;nbsp;&lt;br>&#xd;&#xa;&lt;a title=&quot;Applying for U.S. Bank Jobs&quot; href=&quot;http://usbnetportal.us.bank-dns.com/hr/policies-and-resources/applying-for-u-s-bank-jobs.aspx&quot;>Applying for U.S. Bank Jobs&lt;/a>&lt;br>&#xd;&#xa;&lt;a href=&quot;http://usbnetportal.us.bank-dns.com/HR/policies-and-resources/completing-form-I-9.aspx&quot;>Completing Form I-9&lt;/a>&lt;br>&#xd;&#xa;&lt;a href=&quot;http://usbnetportal.us.bank-dns.com/HR/policies-and-resources/dress-code-and-business-appearance.aspx&quot;>Dress Code&lt;/a>&lt;br>&#xd;&#xa;&lt;a title=&quot;Driving for Business &quot; href=&quot;http://usbnetportal.us.bank-dns.com/hr/policies-and-resources/driving-for-business.aspx&quot;>Driving for Business&lt;/a>&amp;nbsp;&lt;br>&#xd;&#xa;&lt;a href=&quot;http://usbnetportal.us.bank-dns.com/hr/policies-and-resources/drugs-and-alcohol-minnesota.aspx&quot;>Drugs and Alcohol (MN)&lt;/a>&lt;br>&#xd;&#xa;&lt;a href=&quot;http://usbnetportal.us.bank-dns.com/hr/policies-and-resources/drugs-and-alcohol-non-minnesota.aspx&quot;>Drugs and Alcohol (all other)&lt;/a>&lt;br>&#xd;&#xa;&lt;a href=&quot;http://usbnetportal.us.bank-dns.com/HR/policies-and-resources/employee-referral-program-bonus.aspx&quot;>Employee Referral Program Bonus&lt;/a>&lt;br>&#xd;&#xa;&lt;a href=&quot;http://usbnetportal.us.bank-dns.com/HR/policies-and-resources/flexible-work-arrangements.aspx&quot;>Flexible Work Arrangements&lt;/a>&amp;nbsp;&lt;br>&#xd;&#xa;&lt;a href=&quot;http://usbnetportal.us.bank-dns.com/HR/docs/policies-and-resources/mobile-device-expense-policy.pdf&quot;>Mobile Device and Wireless Communication Expense&lt;/a>&lt;br>&#xd;&#xa;&lt;a title=&quot;Pay and Time Reporting&quot; href=&quot;http://usbnetportal.us.bank-dns.com/hr/policies-and-resources/pay-and-time-reporting.aspx&quot;>Pay and Time Reporting&lt;/a>&amp;nbsp;&lt;br>&#xd;&#xa;&lt;a title=&quot;Performance Counseling &quot; href=&quot;http://usbnetportal.us.bank-dns.com/hr/policies-and-resources/performance-counseling.aspx&quot;>Performance and Conduct Counseling&lt;/a>&amp;nbsp;&lt;br>&#xd;&#xa;&lt;a title=&quot;Tobacco&quot; href=&quot;http://usbnetportal.us.bank-dns.com/hr/policies-and-resources/tobacco-in-the-workplace.aspx&quot;>Tobacco&lt;/a>&amp;nbsp;&lt;br>&#xd;&#xa;&lt;a title=&quot;Tuition Reimbursement&quot; href=&quot;http://usbnetportal.us.bank-dns.com/hr/policies-and-resources/tuition-reimbursement.aspx&quot;>Tuition Reimbursement&lt;/a>&lt;br>&#xd;&#xa;&lt;a title=&quot;Workplace Respect&quot; href=&quot;http://usbnetportal.us.bank-dns.com/hr/policies-and-resources/workplace-respect.aspx&quot;>Workplace Respect&lt;/a>&amp;nbsp;&lt;br>&#xd;&#xa;&lt;a title=&quot;Working in Multiple U.S. Bank Jobs&quot; href=&quot;http://usbnetportal.us.bank-dns.com/hr/policies-and-resources/working-in-more-than-one-us-bank-position.aspx&quot;>Working in Multiple U.S. Bank Jobs&lt;/a>&amp;nbsp;&lt;br>&#xd;&#xa;&lt;a href=&quot;http://usbnetportal.us.bank-dns.com/HR/docs/policies-and-resources/yammer-acceptable-use-policy.pdf&quot;>Yammer acceptable use policy&lt;/a>&lt;/p>&#xd;&#xa;&lt;p>&lt;b>Workplace posters&lt;br>&#xd;&#xa;&lt;/b>&lt;a title=&quot;State and Federal Posters&quot; href=&quot;http://usbnetportal.us.bank-dns.com/hr/policies-and-resources/workplace-posters.aspx&quot;>State and Federal Posters&lt;/a>&lt;/p>&#xd;&#xa;"
                            textIsRich="true"/>
                        <contactlist
                            jcr:created="{Date}2018-08-02T15:06:51.005-05:00"
                            jcr:createdBy="bswalke"
                            jcr:lastModified="{Date}2018-08-03T12:12:31.828-05:00"
                            jcr:lastModifiedBy="jbwolni"
                            jcr:primaryType="nt:unstructured"
                            sling:resourceType="intranet/components/content/contactList"
                            header="Contacts ">
                            <contacts jcr:primaryType="nt:unstructured">
                                <item0
                                    jcr:primaryType="nt:unstructured"
                                    contactname="Beth Hanson"
                                    email="elizabeth.hanson@usbank.com"
                                    phone="612.303.9987"
                                    title="Director, Human Resources Communications"/>
                                <item1
                                    jcr:primaryType="nt:unstructured"
                                    contactname="Janie Myhre"
                                    email="janie.myhre@usbank.com"
                                    phone="612.303.4910"
                                    title="Employee Relations Programs and Communications Consultant"/>
                            </contacts>
                        </contactlist>
                    </tiles>
                    <cq:responsive jcr:primaryType="nt:unstructured">
                        <default
                            jcr:primaryType="nt:unstructured"
                            behavior="newline"
                            width="12"/>
                    </cq:responsive>
                </tilecontainer>
            </responsivegrid_453904728>
        </root>
    </jcr:content>
    <leaves-of-absence/>
    <employee-assistance-fund/>
    <flexible-work-arrangements/>
</jcr:root>
