<?xml version="1.0" encoding="UTF-8"?>
<jcr:root xmlns:sling="http://sling.apache.org/jcr/sling/1.0" xmlns:jcr="http://www.jcp.org/jcr/1.0"
    jcr:primaryType="sling:Mapping"
    sling:internalRedirect="[/content/eeb-site/en/large-business]"
    sling:match="ee.co.uk">
    <reverse_mapping_assets/>
    <reverse_sitemap_selector/>
    <reverse_sitemap_selector_pagination/>
    <sitemap_index/>
    <sitemap_selector/>
    <sitemap_selector_pagination/>
    <content/>
    <assets/>
    <reverse_mapping_content/>
    <reverse_mapping_content_nohtml/>
    <reverse_mapping_root/>
</jcr:root>
