<?xml version="1.0" encoding="UTF-8"?>
<jcr:root xmlns:sling="http://sling.apache.org/jcr/sling/1.0" xmlns:cq="http://www.day.com/jcr/cq/1.0" xmlns:jcr="http://www.jcp.org/jcr/1.0" xmlns:nt="http://www.jcp.org/jcr/nt/1.0"
          jcr:primaryType="nt:unstructured"
          jcr:title="50/50 Block"
          sling:resourceType="cq/gui/components/authoring/dialog">
    <content
            jcr:primaryType="nt:unstructured"
            sling:resourceType="granite/ui/components/foundation/container">
        <layout
                jcr:primaryType="nt:unstructured"
                sling:resourceType="granite/ui/components/foundation/layouts/fixedcolumns"/>
        <items jcr:primaryType="nt:unstructured">
            <column
                    jcr:primaryType="nt:unstructured"
                    sling:resourceType="granite/ui/components/foundation/container">
                <items jcr:primaryType="nt:unstructured">
                    <tabs
                            jcr:primaryType="nt:unstructured"
                            sling:resourceType="granite/ui/components/foundation/container">
                        <layout
                                jcr:primaryType="nt:unstructured"
                                sling:resourceType="granite/ui/components/foundation/layouts/tabs"
                                type="nav"/>
                        <items jcr:primaryType="nt:unstructured">
                            <configuration
                                    jcr:primaryType="nt:unstructured"
                                    jcr:title="Configuration"
                                    sling:resourceType="granite/ui/components/foundation/section">
                                <items jcr:primaryType="nt:unstructured">
                                    <image
                                            jcr:primaryType="nt:unstructured"
                                            sling:resourceType="granite/ui/components/foundation/form/fileupload"
                                            allowUpload="{Boolean}false"
                                            autoStart="{Boolean}false"
                                            class="cq-droptarget"
                                            ddGroups="media"
                                            fieldLabel="File Upload"
                                            fileNameParameter="./fileName"
											fieldDescription="Ideal dimensions: 700px X 315px"
                                            fileReferenceParameter="./fileReference"
                                            mimeTypes="[image]"
                                            multiple="{Boolean}false"
                                            name="./file"
                                            title="Image"
                                            uploadUrl="${suffix.path}"
                                            useHTML5="{Boolean}true"/>
                                    <title
                                            jcr:primaryType="nt:unstructured"
                                            sling:resourceType="granite/ui/components/foundation/form/textfield"
                                            fieldLabel="Title"
                                            name="./title"/>
                                    <text
                                            jcr:primaryType="nt:unstructured"
                                            sling:resourceType="granite/ui/components/foundation/form/textfield"
                                            fieldLabel="Text"
                                            name="./text"/>
                                    <ctaText
                                            jcr:primaryType="nt:unstructured"
                                            sling:resourceType="granite/ui/components/foundation/form/textfield"
                                            fieldLabel="Link Text"
                                            name="./ctaText"/>
                                    <path
                                            jcr:primaryType="nt:unstructured"
                                            sling:resourceType="granite/ui/components/foundation/form/pathbrowser"
                                            fieldLabel="Link Path"
                                            name="./ctaPath"
                                            rootPath="/content"/>
                                    <target
                                            jcr:primaryType="nt:unstructured"
                                            sling:resourceType="granite/ui/components/foundation/form/select"
                                            fieldLabel="Target"
                                            name="./ctaTarget">
                                        <items jcr:primaryType="nt:unstructured">
                                            <self
                                                    jcr:primaryType="nt:unstructured"
                                                    text="This Window"
                                                    value="_self"/>
                                            <blank
                                                    jcr:primaryType="nt:unstructured"
                                                    text="New Window"
                                                    value="_blank"/>
                                        </items>
                                    </target>
                                </items>
                            </configuration>
                            <style
                                    jcr:primaryType="nt:unstructured"
                                    jcr:title="Style"
                                    sling:resourceType="granite/ui/components/foundation/section">
                                <items jcr:primaryType="nt:unstructured">
                                    <layout
                                            jcr:primaryType="nt:unstructured"
                                            sling:resourceType="granite/ui/components/foundation/form/select"
                                            fieldLabel="Layout"
                                            name="./layout">
                                        <items jcr:primaryType="nt:unstructured">
                                            <normal
                                                    jcr:primaryType="nt:unstructured"
                                                    text="Image - Text"
                                                    value="normal"/>
                                            <reverse
                                                    jcr:primaryType="nt:unstructured"
                                                    text="Text - Image"
                                                    value="reverse"/>
                                        </items>
                                    </layout>
                                    <color
                                            jcr:primaryType="nt:unstructured"
                                            sling:resourceType="granite/ui/components/foundation/form/select"
                                            fieldLabel="Color"
                                            name="./color">
                                        <items jcr:primaryType="nt:unstructured">
                                            <transparent
                                                    jcr:primaryType="nt:unstructured"
                                                    text="Transparent"
                                                    value="bg-transparent"/>
                                            <white
                                                    jcr:primaryType="nt:unstructured"
                                                    text="White"
                                                    value="bg-white"/>
                                            <blue
                                                    jcr:primaryType="nt:unstructured"
                                                    text="Walmart blue"
                                                    selected="true"
                                                    value="bg-blue"/>
                                            <lightblue
                                                    jcr:primaryType="nt:unstructured"
                                                    text="Walmart light blue"
                                                    value="bg-medium-blue-dark"/>
                                            <orange
                                                    jcr:primaryType="nt:unstructured"
                                                    text="Walmart orange"
                                                    value="bg-orange"/>
                                            <green
                                                    jcr:primaryType="nt:unstructured"
                                                    text="Walmart green"
                                                    value="bg-green"/>
                                            <gray
                                                    jcr:primaryType="nt:unstructured"
                                                    text="Walmart gray"
                                                    value="bg-gray"/>
                                            <samsblue
                                                jcr:primaryType="nt:unstructured"
                                                text="Sam's Blue"
                                                value="bg-sams-blue"/>
                                            <samslightblue
                                                jcr:primaryType="nt:unstructured"
                                                text="Sam's Light Blue"
                                                value="bg-sams-light-blue"/>
                                            <samsmediumblue
                                                jcr:primaryType="nt:unstructured"
                                                text="Sam's Medium Blue"
                                                value="bg-sams-medium-blue"/>
                                            <samsgreen
                                                jcr:primaryType="nt:unstructured"
                                                text="Sam's Green"
                                                value="bg-sams-green"/>
                                            <samslightorange
                                                jcr:primaryType="nt:unstructured"
                                                text="Sam's Light Orange"
                                                value="bg-sams-light-orange"/>
                                            <samsorange
                                                jcr:primaryType="nt:unstructured"
                                                text="Sam's Orange"
                                                value="bg-sams-orange"/>
                                            <samsred
                                                jcr:primaryType="nt:unstructured"
                                                text="Sam's Red"
                                                value="bg-sams-red"/>
                                            <samsdarkgray
                                                jcr:primaryType="nt:unstructured"
                                                text="Sam's Dark Gray"
                                                value="bg-sams-dark-gray"/>
                                            <avpgreen
                                                jcr:primaryType="nt:unstructured"
                                                text="AVP Green"
                                                value="bg-avp-green"/>
                                            <avporange
                                                jcr:primaryType="nt:unstructured"
                                                text="AVP Orange"
                                                value="bg-avp-orange"/>
                                            <avpred
                                                jcr:primaryType="nt:unstructured"
                                                text="AVP Red"
                                                value="bg-avp-red"/>
                                            </items>
                                    </color>
                                    <alignment
                                            jcr:primaryType="nt:unstructured"
                                            sling:resourceType="granite/ui/components/foundation/form/select"
                                            fieldLabel="Image align"
                                            name="./alignment">
                                        <items jcr:primaryType="nt:unstructured">
                                            <Top
                                                    jcr:primaryType="nt:unstructured"
                                                    text="Top"
                                                    value="top"/>
                                            <Center
                                                    jcr:primaryType="nt:unstructured"
                                                    selected="true"
                                                    text="Center"
                                                    value="center"/>
                                            <Bottom
                                                    jcr:primaryType="nt:unstructured"
                                                    text="Bottom"
                                                    value="bottom"/>
                                        </items>
                                    </alignment>
                                    <zoomDisabled
                                            jcr:primaryType="nt:unstructured"
                                            sling:resourceType="granite/ui/components/foundation/form/checkbox"
                                            fieldLabel="Disable Block Zoom"
                                            name="./zoomDisabled"
                                            text="Disable block zoom"
                                            value="true"/>
                                    <zoomDisabled-delete
                                            jcr:primaryType="nt:unstructured"
                                            sling:resourceType="granite/ui/components/foundation/form/hidden"
                                            name="./zoomDisabled@Delete"
                                            value="true"/>
                                </items>
                            </style>
                        </items>
                    </tabs>
                </items>
            </column>
        </items>
    </content>
</jcr:root>
