<?xml version="1.0" encoding="UTF-8"?>
<jcr:root xmlns:sling="http://sling.apache.org/jcr/sling/1.0" xmlns:cq="http://www.day.com/jcr/cq/1.0" xmlns:jcr="http://www.jcp.org/jcr/1.0" xmlns:nt="http://www.jcp.org/jcr/nt/1.0"
    jcr:primaryType="nt:unstructured"
    jcr:title="Link List"
    sling:resourceType="cq/gui/components/authoring/dialog"
    helpPath="https://www.adobe.com/go/aem_cmp_image_v1">
    <content
        jcr:primaryType="nt:unstructured"
        sling:resourceType="granite/ui/components/coral/foundation/container">
        <layout
            jcr:primaryType="nt:unstructured"
            sling:resourceType="granite/ui/components/foundation/layouts/fixedcolumns"/>
        <items jcr:primaryType="nt:unstructured">
            <Links
                jcr:primaryType="nt:unstructured"
                jcr:title="Pages"
                sling:resourceType="granite/ui/components/foundation/section">
                <items jcr:primaryType="nt:unstructured">
                    <header
                        jcr:primaryType="nt:unstructured"
                        sling:resourceType="granite/ui/components/coral/foundation/form/textfield"
                        fieldDescription="Enter Title"
                        fieldLabel="Title"
                        name="./title"/>
                    <pages
                        jcr:primaryType="nt:unstructured"
                        sling:resourceType="granite/ui/components/coral/foundation/form/multifield"
                        class="internal-pages"
                        composite="{Boolean}true"
                        fieldDescription="Click 'Add' to add a new page path"
                        fieldLabel="Links">
                        <field
                            jcr:primaryType="nt:unstructured"
                            sling:resourceType="granite/ui/components/foundation/form/fieldset"
                            name="./iItems">
                            <layout
                                jcr:primaryType="nt:unstructured"
                                sling:resourceType="granite/ui/components/foundation/layouts/fixedcolumns"
                                method="absolute"/>
                            <items jcr:primaryType="nt:unstructured">
                                <column
                                    jcr:primaryType="nt:unstructured"
                                    sling:resourceType="granite/ui/components/foundation/container">
                                    <items jcr:primaryType="nt:unstructured">
                                        <pageName
                                            jcr:primaryType="nt:unstructured"
                                            sling:resourceType="granite/ui/components/coral/foundation/form/textfield"
                                            fieldLabel="Page Title"
                                            name="./iName"/>
                                        <buttonLinkTo
                                            jcr:primaryType="nt:unstructured"
                                            sling:resourceType="granite/ui/components/coral/foundation/form/pathfield"
                                            fieldLabel="Page Link"
                                            name="./iLink"
                                            rootPath="/content/intranet"
                                            suffix=".html"/>
										<required
					                        jcr:primaryType="nt:unstructured"
					                        sling:resourceType="granite/ui/components/foundation/form/checkbox"
					                        fieldDescription="Select the checkbox if link needs to open in new window"
					                        fieldLabel="Open links in New window"
					                        name="./requiredPageTarget"
					                        text="New Window"
					                        value="{Boolean}true"/> 
                                    </items>
                                </column>
                            </items>
                        </field>
                    </pages>
                    <tags
                        jcr:primaryType="nt:unstructured"
                        sling:resourceType="cq/gui/components/common/tagspicker"
                        fieldDescription="select tags to display the pages associated with tags"
                        fieldLabel="Tags"
                        name="./tags"/>
                    <required
                        jcr:primaryType="nt:unstructured"
                        sling:resourceType="granite/ui/components/foundation/form/checkbox"
                        fieldDescription="Select the checkbox if tagged pages need to open in new window"
                        fieldLabel="Open links in New window"
                        name="./requiredTagTarget"
                        text="open tagged pages in New Window"
                        value="{Boolean}true"/>  
                </items>
            </Links>
        </items>
    </content>
</jcr:root>
