<?xml version="1.0" encoding="UTF-8"?>
<jcr:root xmlns:sling="http://sling.apache.org/jcr/sling/1.0" xmlns:cq="http://www.day.com/jcr/cq/1.0" xmlns:jcr="http://www.jcp.org/jcr/1.0" xmlns:nt="http://www.jcp.org/jcr/nt/1.0"
    jcr:primaryType="nt:unstructured"
    jcr:title="Article Feature"
    sling:resourceType="cq/gui/components/authoring/dialog">
    <content
        jcr:primaryType="nt:unstructured"
        sling:resourceType="granite/ui/components/foundation/container">
        <layout
            jcr:primaryType="nt:unstructured"
            sling:resourceType="granite/ui/components/foundation/layouts/fixedcolumns"/>
        <items jcr:primaryType="nt:unstructured">
            <column
                jcr:primaryType="nt:unstructured"
                sling:resourceType="granite/ui/components/foundation/container">
                <items jcr:primaryType="nt:unstructured">
                    <tabs
                        jcr:primaryType="nt:unstructured"
                        sling:resourceType="granite/ui/components/foundation/container">
                        <layout
                            jcr:primaryType="nt:unstructured"
                            sling:resourceType="granite/ui/components/foundation/layouts/tabs"
                            type="nav"/>
                        <items jcr:primaryType="nt:unstructured">
                            <configuration
                                jcr:primaryType="nt:unstructured"
                                jcr:title="Configuration"
                                sling:resourceType="granite/ui/components/foundation/section">
                                <items jcr:primaryType="nt:unstructured">
                                    <layout
                                        jcr:primaryType="nt:unstructured"
                                        sling:resourceType="granite/ui/components/foundation/form/select"
                                        fieldLabel="Layout"
                                        name="./layout">
                                        <items jcr:primaryType="nt:unstructured">
                                            <normal
                                                jcr:primaryType="nt:unstructured"
                                                text="Text on Left Side"
                                                value="normal"/>
                                            <reverse
                                                jcr:primaryType="nt:unstructured"
                                                text="Text on Right Side"
                                                value="reverse"/>
                                        </items>
                                    </layout>
                                    <image
                                        jcr:primaryType="nt:unstructured"
                                        sling:resourceType="granite/ui/components/foundation/form/fileupload"
                                        allowUpload="{Boolean}false"
                                        autoStart="{Boolean}false"
                                        class="cq-droptarget"
                                        ddGroups="media"
                                        fieldDescription="Ideal dimensions: 1530px X 550px"
                                        fieldLabel="Background Img"
                                        fileNameParameter="./fileName"
                                        fileReferenceParameter="./fileReference"
                                        mimeTypes="[image]"
                                        multiple="{Boolean}false"
                                        name="./file"
                                        title="Image"
                                        uploadUrl="${suffix.path}"
                                        useHTML5="{Boolean}true"/>
                                    <imageSize
                                        jcr:primaryType="nt:unstructured"
                                        sling:resourceType="granite/ui/components/foundation/form/select"
                                        fieldLabel="Image size"
                                        name="./imageSize">
                                        <items jcr:primaryType="nt:unstructured">
                                            <full
                                                jcr:primaryType="nt:unstructured"
                                                text="100%"
                                                value="normal"/>
                                            <half
                                                jcr:primaryType="nt:unstructured"
                                                text="50%"
                                                value="half"/>
                                        </items>
                                    </imageSize>
                                    <color
                                        jcr:primaryType="nt:unstructured"
                                        sling:resourceType="granite/ui/components/foundation/form/select"
                                        fieldDescription="Background color to be displayed if no image is selected."
                                        fieldLabel="Color"
                                        name="./color">
                                        <items jcr:primaryType="nt:unstructured">
                                            <transparent
                                                    jcr:primaryType="nt:unstructured"
                                                    text="Transparent"
                                                    value="bg-transparent"/>
                                            <white
                                                    jcr:primaryType="nt:unstructured"
                                                    text="White"
                                                    value="bg-white"/>
                                            <blue
                                                jcr:primaryType="nt:unstructured"
                                                text="Walmart blue"
                                                value="bg-blue"/>
                                            <lightblue
                                                jcr:primaryType="nt:unstructured"
                                                text="Walmart light blue"
                                                value="bg-medium-blue-dark"/>
                                             <orange
                                                jcr:primaryType="nt:unstructured"
                                                text="Walmart orange"
                                                value="bg-orange"/>
                                            <green
                                                jcr:primaryType="nt:unstructured"
                                                text="Walmart green"
                                                value="bg-green"/>
                                            <gray
                                                jcr:primaryType="nt:unstructured"
                                                text="Walmart gray"
                                                value="bg-gray"/>
                                            <samsblue
                                                jcr:primaryType="nt:unstructured"
                                                text="Sam's Blue"
                                                value="bg-sams-blue"/>
                                            <samslightblue
                                                jcr:primaryType="nt:unstructured"
                                                text="Sam's Light Blue"
                                                value="bg-sams-light-blue"/>
                                            <samsmediumblue
                                                jcr:primaryType="nt:unstructured"
                                                text="Sam's Medium Blue"
                                                value="bg-sams-medium-blue"/>
                                            <samsgreen
                                                jcr:primaryType="nt:unstructured"
                                                text="Sam's Green"
                                                value="bg-sams-green"/>
                                            <samslightorange
                                                jcr:primaryType="nt:unstructured"
                                                text="Sam's Light Orange"
                                                value="bg-sams-light-orange"/>
                                            <samsorange
                                                jcr:primaryType="nt:unstructured"
                                                text="Sam's Orange"
                                                value="bg-sams-orange"/>
                                            <samsred
                                                jcr:primaryType="nt:unstructured"
                                                text="Sam's Red"
                                                value="bg-sams-red"/>
                                            <samsdarkgray
                                                jcr:primaryType="nt:unstructured"
                                                text="Sam's Dark Gray"
                                                value="bg-sams-dark-gray"/>
                                            <avpgreen
                                                jcr:primaryType="nt:unstructured"
                                                text="AVP Green"
                                                value="bg-avp-green"/>
                                            <avporange
                                                jcr:primaryType="nt:unstructured"
                                                text="AVP Orange"
                                                value="bg-avp-orange"/>
                                            <avpred
                                                jcr:primaryType="nt:unstructured"
                                                text="AVP Red"
                                                value="bg-avp-red"/>
                                            </items>
                                    </color>
                                    <title
                                        jcr:primaryType="nt:unstructured"
                                        sling:resourceType="granite/ui/components/foundation/form/textfield"
                                        fieldDescription="The component fetches the page title, but it can be overwritten by what you provide here"
                                        fieldLabel="Title"
                                        name="./title"/>
                                    <darkenImage
                                            jcr:primaryType="nt:unstructured"
                                            sling:resourceType="granite/ui/components/foundation/form/checkbox"
                                            fieldDescription="Adds an opaque layer over the image to make text readable on light images"
                                            name="./addOverlay"
                                            text="Darken Image"
                                            uncheckedValue="noOverlay"
                                            value="overlay"/>
                                    <transparentHeader
                                            jcr:primaryType="nt:unstructured"
                                            sling:resourceType="granite/ui/components/foundation/form/checkbox"
                                            fieldDescription="Shows Article Feature under transparent header if it's the first component of the page"
                                            name="./transparentHeader"
                                            text="Transparent header"
                                            uncheckedValue="no"
                                            value="yes"/>
                                </items>
                            </configuration>
                        </items>
                    </tabs>
                </items>
            </column>
        </items>
    </content>
</jcr:root>
