<?xml version="1.0" encoding="UTF-8"?>
<jcr:root xmlns:sling="http://sling.apache.org/jcr/sling/1.0" xmlns:cq="http://www.day.com/jcr/cq/1.0" xmlns:jcr="http://www.jcp.org/jcr/1.0" xmlns:nt="http://www.jcp.org/jcr/nt/1.0"
    jcr:primaryType="nt:unstructured"
    jcr:title="Social Share - Advisory"
    sling:resourceType="cq/gui/components/authoring/dialog">
    <content
        jcr:primaryType="nt:unstructured"
        sling:resourceType="granite/ui/components/foundation/container">
        <items jcr:primaryType="nt:unstructured">
            <configuration
                jcr:primaryType="nt:unstructured"
                jcr:title="Content"
                sling:resourceType="granite/ui/components/foundation/section">
                <layout
                    jcr:primaryType="nt:unstructured"
                    sling:resourceType="granite/ui/components/foundation/layouts/fixedcolumns"/>
                <items jcr:primaryType="nt:unstructured">
                    <column
                        jcr:primaryType="nt:unstructured"
                        sling:resourceType="granite/ui/components/foundation/container">
                        <items jcr:primaryType="nt:unstructured">
                            <title
                                    jcr:primaryType="nt:unstructured"
                                    sling:resourceType="granite/ui/components/foundation/form/textfield"
                                    fieldLabel="Social Share Title"
                                    name="./title"
                                    fieldDescription="This is the title for social share heading."/>
                            <subject
                                    jcr:primaryType="nt:unstructured"
                                    sling:resourceType="granite/ui/components/foundation/form/textfield"
                                    fieldLabel="Social Share Email Subject"
                                    name="./subject"
                                    fieldDescription="This is the text that will populate the subject line of the email share."/>
                            <body
                                    jcr:primaryType="nt:unstructured"
                                    sling:resourceType="granite/ui/components/foundation/form/textarea"
                                    fieldLabel="Social Share Email Body"
                                    name="./body"
                                    fieldDescription="This is the text that will populate the body of the email share."/>
                        </items>
                    </column>
                </items>
            </configuration>
        </items>
    </content>
</jcr:root>
