<?xml version="1.0" encoding="UTF-8"?>
<jcr:root xmlns:sling="http://sling.apache.org/jcr/sling/1.0" xmlns:cq="http://www.day.com/jcr/cq/1.0" xmlns:jcr="http://www.jcp.org/jcr/1.0" xmlns:mix="http://www.jcp.org/jcr/mix/1.0" xmlns:nt="http://www.jcp.org/jcr/nt/1.0"
    jcr:primaryType="cq:Page">
    <jcr:content
        cq:lastModified="{Date}2018-09-03T14:56:49.477-05:00"
        cq:lastModifiedBy="gabonne"
        cq:lastReplicated="{Date}2018-09-03T15:03:51.266-05:00"
        cq:lastReplicatedBy="gabonne"
        cq:lastReplicationAction="Activate"
        cq:template="/conf/intranet/settings/wcm/templates/two-column"
        jcr:isCheckedOut="{Boolean}true"
        jcr:mixinTypes="[mix:versionable]"
        jcr:primaryType="cq:PageContent"
        jcr:title="Inside U.S. Bank"
        jcr:uuid="4f15e422-efec-4902-bbb2-09c3b9cf91d1"
        sling:resourceType="intranet/components/structure/page">
        <root
            jcr:primaryType="nt:unstructured"
            sling:resourceType="wcm/foundation/components/responsivegrid">
            <responsivegrid
                jcr:created="{Date}2017-11-08T16:26:31.059-08:00"
                jcr:createdBy="admin"
                jcr:lastModified="{Date}2017-11-08T16:26:56.323-08:00"
                jcr:lastModifiedBy="admin"
                jcr:primaryType="nt:unstructured"
                sling:resourceType="wcm/foundation/components/responsivegrid">
                <title
                    jcr:created="{Date}2018-09-03T14:48:51.156-05:00"
                    jcr:createdBy="gabonne"
                    jcr:lastModified="{Date}2018-09-03T14:48:51.156-05:00"
                    jcr:lastModifiedBy="gabonne"
                    jcr:primaryType="nt:unstructured"
                    sling:resourceType="intranet/components/content/title"/>
            </responsivegrid>
            <responsivegrid_1196960364 jcr:primaryType="nt:unstructured">
                <contactlist_copy
                    jcr:created="{Date}2018-09-03T14:29:31.509-05:00"
                    jcr:createdBy="gabonne"
                    jcr:lastModified="{Date}2018-09-03T14:36:26.533-05:00"
                    jcr:lastModifiedBy="gabonne"
                    jcr:primaryType="nt:unstructured"
                    sling:resourceType="intranet/components/content/contactList"
                    header="Contacts">
                    <contacts jcr:primaryType="nt:unstructured">
                        <item0
                            jcr:primaryType="nt:unstructured"
                            contactname="U.S. Bank Communications Shared Mailbox"
                            email="USBankCommunications@usbank.com"/>
                    </contacts>
                </contactlist_copy>
            </responsivegrid_1196960364>
            <responsivegrid_1653223910 jcr:primaryType="nt:unstructured">
                <responsivegrid
                    jcr:primaryType="nt:unstructured"
                    sling:resourceType="wcm/foundation/components/responsivegrid">
                    <collapsibletext
                        jcr:created="{Date}2018-09-03T14:49:20.967-05:00"
                        jcr:createdBy="gabonne"
                        jcr:lastModified="{Date}2018-09-03T14:56:49.473-05:00"
                        jcr:lastModifiedBy="gabonne"
                        jcr:primaryType="nt:unstructured"
                        sling:resourceType="intranet/components/content/collapsibleText"
                        mobiledefaultopen="false"
                        text="&lt;p>&lt;a href=&quot;/content/intranet/en-US/home/about-us/inside-us-bank/annual-report.html&quot;>Annual Report&lt;/a>&lt;/p>&#xd;&#xa;&lt;p>&lt;a href=&quot;/content/intranet/en-US/home/about-us/inside-us-bank/code-of-ethics-redirect.html&quot;>Code of Ethics&lt;/a>&lt;/p>&#xd;&#xa;&lt;p>&lt;a href=&quot;/content/intranet/en-US/home/about-us/communications-and-marketing/communication-resources.html&quot;>Communications Resources&lt;/a>&lt;/p>&#xd;&#xa;&lt;p>&lt;a href=&quot;/content/intranet/en-US/home/about-us/inside-us-bank/corporate-profile.html&quot;>Corporate Profile&lt;/a>&lt;/p>&#xd;&#xa;&lt;p>&lt;a href=&quot;/content/intranet/en-US/home/about-us/inside-us-bank/executive-profiles.html&quot;>Executive Profiles&lt;/a>&lt;/p>&#xd;&#xa;&lt;p>&lt;a href=&quot;/content/intranet/en-US/home/about-us/inside-us-bank/external-communications.html&quot;>External Communications&lt;/a>&lt;/p>&#xd;&#xa;&lt;p>&lt;a href=&quot;/content/intranet/en-US/home/about-us/inside-us-bank/financial-education.html&quot;>Financial Education Hub&lt;/a>&lt;/p>&#xd;&#xa;&lt;p>&lt;a href=&quot;/content/intranet/en-US/home/about-us/inside-us-bank/purpose-and-core-values.html&quot;>Purpose and Core Values&lt;/a>&lt;/p>&#xd;&#xa;&lt;p>&lt;a href=&quot;https://www.usbank.com/index.html&quot;>usbank.com&lt;/a>&lt;/p>&#xd;&#xa;"
                        textIsRich="true"/>
                </responsivegrid>
            </responsivegrid_1653223910>
        </root>
    </jcr:content>
    <annual-report/>
    <code-of-ethics-redirect/>
    <corporate-profile/>
    <executive-profiles/>
    <external-communications/>
    <financial-education/>
    <purpose-and-core-values/>
    <usbank-redirect/>
</jcr:root>
