<?xml version="1.0" encoding="UTF-8"?>
<jcr:root xmlns:sling="http://sling.apache.org/jcr/sling/1.0" xmlns:cq="http://www.day.com/jcr/cq/1.0" xmlns:jcr="http://www.jcp.org/jcr/1.0" xmlns:nt="http://www.jcp.org/jcr/nt/1.0"
    jcr:primaryType="nt:unstructured"
    jcr:title="Cards"
    sling:resourceType="cq/gui/components/authoring/dialog">
    <content
        jcr:primaryType="nt:unstructured"
        sling:resourceType="granite/ui/components/foundation/container">
        <layout
            jcr:primaryType="nt:unstructured"
            sling:resourceType="granite/ui/components/foundation/layouts/fixedcolumns"/>
        <items jcr:primaryType="nt:unstructured">
            <column
                jcr:primaryType="nt:unstructured"
                sling:resourceType="granite/ui/components/foundation/container">
                <items jcr:primaryType="nt:unstructured">
                    <tabs
                        jcr:primaryType="nt:unstructured"
                        sling:resourceType="granite/ui/components/foundation/container"
                        class="tab-configuration-tile">
                        <layout
                            jcr:primaryType="nt:unstructured"
                            sling:resourceType="granite/ui/components/foundation/layouts/tabs"
                            type="nav"/>
                        <items jcr:primaryType="nt:unstructured">
                            <taboptions
                                    jcr:primaryType="nt:unstructured"
                                    jcr:title="Config"
                                    sling:resourceType="granite/ui/components/foundation/section">
                                <items jcr:primaryType="nt:unstructured">
                                    <tiles
                                            jcr:primaryType="nt:unstructured"
                                            sling:resourceType="granite/ui/components/foundation/form/select"
                                            class="tiles-to-show"
                                            fieldDescription="Number of cards to show"
                                            fieldLabel="No. of Cards"
                                            name="./show">
                                        <items jcr:primaryType="nt:unstructured">
                                            <_x0032_
                                                    jcr:primaryType="nt:unstructured"
                                                    text="2"
                                                    value="card-two-column"/>
                                            <_x0033_
                                                    jcr:primaryType="nt:unstructured"
                                                    text="3"
                                                    value="card-three-column"/>
                                            <_x0034_
                                                    jcr:primaryType="nt:unstructured"
                                                    selected="true"
                                                    text="4"
                                                    value="card-four-column"/>
                                        </items>
                                    </tiles>
                                    <cardHeight
                                            jcr:primaryType="nt:unstructured"
                                            sling:resourceType="granite/ui/components/foundation/form/select"
                                            fieldLabel="Card Height"
                                            name="./cardHeight">
                                        <items jcr:primaryType="nt:unstructured">
                                            <default
                                                    jcr:primaryType="nt:unstructured"
                                                    text="Default Height"
                                                    value=""/>
                                            <halfHeight
                                                    jcr:primaryType="nt:unstructured"
                                                    text="Half Height"
                                                    value="card-half-height"/>
                                        </items>
                                    </cardHeight>
                                </items>
                            </taboptions>
                            <configuration
                                jcr:primaryType="nt:unstructured"
                                jcr:title="1st Card"
                                sling:resourceType="granite/ui/components/foundation/section">
                                <items jcr:primaryType="nt:unstructured">
                                    <title
                                        jcr:primaryType="nt:unstructured"
                                        sling:resourceType="granite/ui/components/foundation/form/textfield"
                                        fieldLabel="Title"
                                        name="./title"/>
                                    <description
                                        jcr:primaryType="nt:unstructured"
                                        sling:resourceType="cq/gui/components/authoring/dialog/richtext"
                                        fieldLabel="Description"
                                        name="./description"
                                        useFixedInlineToolbar="{Boolean}true">
                                        <rtePlugins jcr:primaryType="nt:unstructured"/>
                                    </description>
                                    <icon
                                        jcr:primaryType="nt:unstructured"
                                        sling:resourceType="acs-commons/components/authoring/graphiciconselect"
                                        fieldLabel="Icon"
                                        name="./icon">
                                        <datasource
                                            jcr:primaryType="nt:unstructured"
                                            sling:resourceType="acs-commons/components/utilities/genericlist/datasource"
                                            path="/etc/acs-commons/lists/font-awesome-icons"/>
                                    </icon>
                                    <image
                                        jcr:primaryType="nt:unstructured"
                                        sling:resourceType="granite/ui/components/foundation/form/fileupload"
                                        allowUpload="{Boolean}false"
                                        autoStart="{Boolean}false"
                                        class="cq-droptarget"
                                        ddGroups="media"
                                        fieldLabel="Image"
                                        fieldDescription="Ideal dimensions: 682px X 502px"
                                        fileNameParameter="./fileName"
                                        fileReferenceParameter="./fileReference1stTile"
                                        mimeTypes="[image]"
                                        multiple="{Boolean}false"
                                        name="./file1stTile"
                                        title="Image"
                                        uploadUrl="${suffix.path}"
                                        useHTML5="{Boolean}true"/>
                                    <ctaText
                                        jcr:primaryType="nt:unstructured"
                                        sling:resourceType="granite/ui/components/foundation/form/textfield"
                                        fieldLabel="Link Text"
                                        name="./ctaText"/>
                                    <path
                                        jcr:primaryType="nt:unstructured"
                                        sling:resourceType="granite/ui/components/foundation/form/pathbrowser"
                                        fieldLabel="CTA Link&#x9;"
                                        name="./ctaPath1stTile"
                                        rootPath="/content"/>
                                    <target
                                        jcr:primaryType="nt:unstructured"
                                        sling:resourceType="granite/ui/components/foundation/form/select"
                                        fieldLabel="Target"
                                        name="./ctaTarget">
                                        <items jcr:primaryType="nt:unstructured">
                                            <self
                                                jcr:primaryType="nt:unstructured"
                                                text="This Window"
                                                value="_self"/>
                                            <blank
                                                jcr:primaryType="nt:unstructured"
                                                text="New Window"
                                                value="_blank"/>
                                        </items>
                                    </target>
                                    <color
                                        jcr:primaryType="nt:unstructured"
                                        sling:resourceType="granite/ui/components/foundation/form/select"
                                        fieldLabel="Color"
                                        name="./color">
                                        <items jcr:primaryType="nt:unstructured">
                                            <transparent
                                                    jcr:primaryType="nt:unstructured"
                                                    text="Transparent"
                                                    value="bg-transparent"/>
                                            <white
                                                jcr:primaryType="nt:unstructured"
                                                text="White"
                                                value="bg-white"/>
                                            <blue
                                                jcr:primaryType="nt:unstructured"
                                                selected="true"
                                                text="Blue"
                                                value="bg-blue"/>
                                            <lightblue
                                                jcr:primaryType="nt:unstructured"
                                                text="Light Blue"
                                                value="bg-light-blue"/>
                                            <orange
                                                jcr:primaryType="nt:unstructured"
                                                text="Orange"
                                                value="bg-orange"/>
                                            <lightOrange
                                                jcr:primaryType="nt:unstructured"
                                                text="Light orange"
                                                value="bg-light-orange"/>
                                            <green
                                                jcr:primaryType="nt:unstructured"
                                                text="Green"
                                                value="bg-green"/>
                                            <lightGreen
                                                jcr:primaryType="nt:unstructured"
                                                text="Light green"
                                                value="bg-light-green"/>
                                            <gray
                                                jcr:primaryType="nt:unstructured"
                                                text="Gray"
                                                value="bg-gray"/>
                                            <coral
                                                jcr:primaryType="nt:unstructured"
                                                text="Coral"
                                                value="bg-coral"/>
                                            <samsblue
                                                jcr:primaryType="nt:unstructured"
                                                text="Sam's Blue"
                                                value="bg-sams-blue"/>
                                            <samslightblue
                                                jcr:primaryType="nt:unstructured"
                                                text="Sam's Light Blue"
                                                value="bg-sams-light-blue"/>
                                            <samsmediumblue
                                                jcr:primaryType="nt:unstructured"
                                                text="Sam's Medium Blue"
                                                value="bg-sams-medium-blue"/>
                                            <samsgreen
                                                jcr:primaryType="nt:unstructured"
                                                text="Sam's Green"
                                                value="bg-sams-green"/>
                                            <samslightorange
                                                jcr:primaryType="nt:unstructured"
                                                text="Sam's Light Orange"
                                                value="bg-sams-light-orange"/>
                                            <samsorange
                                                jcr:primaryType="nt:unstructured"
                                                text="Sam's Orange"
                                                value="bg-sams-orange"/>
                                            <samsred
                                                jcr:primaryType="nt:unstructured"
                                                text="Sam's Red"
                                                value="bg-sams-red"/>
                                            <samsdarkgray
                                                jcr:primaryType="nt:unstructured"
                                                text="Sam's Dark Gray"
                                                value="bg-sams-dark-gray"/>
                                            <avpgreen
                                                jcr:primaryType="nt:unstructured"
                                                text="AVP Green"
                                                value="bg-avp-green"/>
                                            <avporange
                                                jcr:primaryType="nt:unstructured"
                                                text="AVP Orange"
                                                value="bg-avp-orange"/>
                                            <avpred
                                                jcr:primaryType="nt:unstructured"
                                                text="AVP Red"
                                                value="bg-avp-red"/>
                                        </items>
                                    </color>
                                </items>
                            </configuration>
                            <configuration1
                                jcr:primaryType="nt:unstructured"
                                jcr:title="2nd Card"
                                sling:resourceType="granite/ui/components/foundation/section">
                                <items jcr:primaryType="nt:unstructured">
                                    <title
                                        jcr:primaryType="nt:unstructured"
                                        sling:resourceType="granite/ui/components/foundation/form/textfield"
                                        fieldLabel="Title"
                                        name="./title2ndTile"/>
                                    <description
                                        jcr:primaryType="nt:unstructured"
                                        sling:resourceType="cq/gui/components/authoring/dialog/richtext"
                                        fieldLabel="Description"
                                        name="./description2ndTile"
                                        useFixedInlineToolbar="{Boolean}true">
                                        <rtePlugins jcr:primaryType="nt:unstructured"/>
                                    </description>
                                    <icon
                                        jcr:primaryType="nt:unstructured"
                                        sling:resourceType="acs-commons/components/authoring/graphiciconselect"
                                        fieldLabel="Icon"
                                        name="./icon2ndTile">
                                        <datasource
                                            jcr:primaryType="nt:unstructured"
                                            sling:resourceType="acs-commons/components/utilities/genericlist/datasource"
                                            path="/etc/acs-commons/lists/font-awesome-icons"/>
                                    </icon>
                                    <image
                                        jcr:primaryType="nt:unstructured"
                                        sling:resourceType="granite/ui/components/foundation/form/fileupload"
                                        allowUpload="{Boolean}false"
                                        autoStart="{Boolean}false"
                                        class="cq-droptarget"
                                        ddGroups="media"
                                        fieldLabel="Image"
                                        fieldDescription="Ideal dimensions: 682px X 502px"
                                        fileNameParameter="./fileName2ndTile"
                                        fileReferenceParameter="./fileReference2ndTile"
                                        mimeTypes="[image]"
                                        multiple="{Boolean}false"
                                        name="./file2ndTile"
                                        title="Image"
                                        uploadUrl="${suffix.path}"
                                        useHTML5="{Boolean}true"/>
                                    <ctaText
                                        jcr:primaryType="nt:unstructured"
                                        sling:resourceType="granite/ui/components/foundation/form/textfield"
                                        fieldLabel="Link Text"
                                        name="./ctaText2ndTile"/>
                                    <path
                                        jcr:primaryType="nt:unstructured"
                                        sling:resourceType="granite/ui/components/foundation/form/pathbrowser"
                                        fieldLabel="CTA Link&#x9;"
                                        name="./ctaPath2ndTile"
                                        rootPath="/content"/>
                                    <target
                                        jcr:primaryType="nt:unstructured"
                                        sling:resourceType="granite/ui/components/foundation/form/select"
                                        fieldLabel="Target"
                                        name="./ctaTarget2ndTile">
                                        <items jcr:primaryType="nt:unstructured">
                                            <self
                                                jcr:primaryType="nt:unstructured"
                                                text="This Window"
                                                value="_self"/>
                                            <blank
                                                jcr:primaryType="nt:unstructured"
                                                text="New Window"
                                                value="_blank"/>
                                        </items>
                                    </target>
                                    <color
                                        jcr:primaryType="nt:unstructured"
                                        sling:resourceType="granite/ui/components/foundation/form/select"
                                        fieldLabel="Color"
                                        name="./color2ndTile">
                                        <items jcr:primaryType="nt:unstructured">
                                            <transparent
                                                jcr:primaryType="nt:unstructured"
                                                text="Transparent"
                                                value="bg-transparent"/>
                                            <white
                                                jcr:primaryType="nt:unstructured"
                                                text="White"
                                                value="bg-white"/>
                                            <blue
                                                jcr:primaryType="nt:unstructured"
                                                selected="true"
                                                text="Blue"
                                                value="bg-blue"/>
                                            <lightblue
                                                jcr:primaryType="nt:unstructured"
                                                text="Light Blue"
                                                value="bg-light-blue"/>
                                            <orange
                                                jcr:primaryType="nt:unstructured"
                                                text="Orange"
                                                value="bg-orange"/>
                                            <lightOrange
                                                jcr:primaryType="nt:unstructured"
                                                text="Light orange"
                                                value="bg-light-orange"/>
                                            <green
                                                jcr:primaryType="nt:unstructured"
                                                text="Green"
                                                value="bg-green"/>
                                            <lightGreen
                                                jcr:primaryType="nt:unstructured"
                                                text="Light green"
                                                value="bg-light-green"/>
                                            <gray
                                                jcr:primaryType="nt:unstructured"
                                                text="Gray"
                                                value="bg-gray"/>
                                            <coral
                                                jcr:primaryType="nt:unstructured"
                                                text="Coral"
                                                value="bg-coral"/>
                                            <samsblue
                                                jcr:primaryType="nt:unstructured"
                                                text="Sam's Blue"
                                                value="bg-sams-blue"/>
                                            <samslightblue
                                                jcr:primaryType="nt:unstructured"
                                                text="Sam's Light Blue"
                                                value="bg-sams-light-blue"/>
                                            <samsmediumblue
                                                jcr:primaryType="nt:unstructured"
                                                text="Sam's Medium Blue"
                                                value="bg-sams-medium-blue"/>
                                            <samsgreen
                                                jcr:primaryType="nt:unstructured"
                                                text="Sam's Green"
                                                value="bg-sams-green"/>
                                            <samslightorange
                                                jcr:primaryType="nt:unstructured"
                                                text="Sam's Light Orange"
                                                value="bg-sams-light-orange"/>
                                            <samsorange
                                                jcr:primaryType="nt:unstructured"
                                                text="Sam's Orange"
                                                value="bg-sams-orange"/>
                                            <samsred
                                                jcr:primaryType="nt:unstructured"
                                                text="Sam's Red"
                                                value="bg-sams-red"/>
                                            <samsdarkgray
                                                jcr:primaryType="nt:unstructured"
                                                text="Sam's Dark Gray"
                                                value="bg-sams-dark-gray"/>
                                            <avpgreen
                                                jcr:primaryType="nt:unstructured"
                                                text="AVP Green"
                                                value="bg-avp-green"/>
                                            <avporange
                                                jcr:primaryType="nt:unstructured"
                                                text="AVP Orange"
                                                value="bg-avp-orange"/>
                                            <avpred
                                                jcr:primaryType="nt:unstructured"
                                                text="AVP Red"
                                                value="bg-avp-red"/>
                                        </items>
                                    </color>
                                </items>
                            </configuration1>
                            <configuration2
                                jcr:primaryType="nt:unstructured"
                                jcr:title="3rd Card"
                                sling:resourceType="granite/ui/components/foundation/section">
                                <items jcr:primaryType="nt:unstructured">
                                    <title
                                        jcr:primaryType="nt:unstructured"
                                        sling:resourceType="granite/ui/components/foundation/form/textfield"
                                        fieldLabel="Title"
                                        name="./title3rdTile"/>
                                    <description
                                        jcr:primaryType="nt:unstructured"
                                        sling:resourceType="cq/gui/components/authoring/dialog/richtext"
                                        fieldLabel="Description"
                                        name="./description3rdTile"
                                        useFixedInlineToolbar="{Boolean}true">
                                        <rtePlugins jcr:primaryType="nt:unstructured"/>
                                    </description>
                                    <icon
                                        jcr:primaryType="nt:unstructured"
                                        sling:resourceType="acs-commons/components/authoring/graphiciconselect"
                                        fieldLabel="Icon"
                                        name="./icon3rdTile">
                                        <datasource
                                            jcr:primaryType="nt:unstructured"
                                            sling:resourceType="acs-commons/components/utilities/genericlist/datasource"
                                            path="/etc/acs-commons/lists/font-awesome-icons"/>
                                    </icon>
                                    <image
                                        jcr:primaryType="nt:unstructured"
                                        sling:resourceType="granite/ui/components/foundation/form/fileupload"
                                        allowUpload="{Boolean}false"
                                        autoStart="{Boolean}false"
                                        class="cq-droptarget"
                                        ddGroups="media"
                                        fieldLabel="Image"
                                        fieldDescription="Ideal dimensions: 682px X 502px"
                                        fileNameParameter="./fileName3rdTile"
                                        fileReferenceParameter="./fileReference3rdTile"
                                        mimeTypes="[image]"
                                        multiple="{Boolean}false"
                                        name="./file3rdTile"
                                        title="Image"
                                        uploadUrl="${suffix.path}"
                                        useHTML5="{Boolean}true"/>
                                    <ctaText
                                        jcr:primaryType="nt:unstructured"
                                        sling:resourceType="granite/ui/components/foundation/form/textfield"
                                        fieldLabel="Link Text"
                                        name="./ctaText3rdTile"/>
                                    <path
                                        jcr:primaryType="nt:unstructured"
                                        sling:resourceType="granite/ui/components/foundation/form/pathbrowser"
                                        fieldLabel="CTA Link&#x9;"
                                        name="./ctaPath3rdTile"
                                        rootPath="/content"/>
                                    <target
                                        jcr:primaryType="nt:unstructured"
                                        sling:resourceType="granite/ui/components/foundation/form/select"
                                        fieldLabel="Target"
                                        name="./ctaTarget3rdTile">
                                        <items jcr:primaryType="nt:unstructured">
                                            <self
                                                jcr:primaryType="nt:unstructured"
                                                text="This Window"
                                                value="_self"/>
                                            <blank
                                                jcr:primaryType="nt:unstructured"
                                                text="New Window"
                                                value="_blank"/>
                                        </items>
                                    </target>
                                    <color
                                        jcr:primaryType="nt:unstructured"
                                        sling:resourceType="granite/ui/components/foundation/form/select"
                                        fieldLabel="Color"
                                        name="./color3rdTile">
                                        <items jcr:primaryType="nt:unstructured">
                                            <transparent
                                                jcr:primaryType="nt:unstructured"
                                                text="Transparent"
                                                value="bg-transparent"/>
                                            <white
                                                jcr:primaryType="nt:unstructured"
                                                text="White"
                                                value="bg-white"/>
                                            <blue
                                                jcr:primaryType="nt:unstructured"
                                                selected="true"
                                                text="Blue"
                                                value="bg-blue"/>
                                            <lightblue
                                                jcr:primaryType="nt:unstructured"
                                                text="Light Blue"
                                                value="bg-light-blue"/>
                                            <orange
                                                jcr:primaryType="nt:unstructured"
                                                text="Orange"
                                                value="bg-orange"/>
                                            <lightOrange
                                                jcr:primaryType="nt:unstructured"
                                                text="Light orange"
                                                value="bg-light-orange"/>
                                            <green
                                                jcr:primaryType="nt:unstructured"
                                                text="Green"
                                                value="bg-green"/>
                                            <lightGreen
                                                jcr:primaryType="nt:unstructured"
                                                text="Light green"
                                                value="bg-light-green"/>
                                            <gray
                                                jcr:primaryType="nt:unstructured"
                                                text="Gray"
                                                value="bg-gray"/>
                                            <coral
                                                jcr:primaryType="nt:unstructured"
                                                text="Coral"
                                                value="bg-coral"/>
                                            <samsblue
                                                jcr:primaryType="nt:unstructured"
                                                text="Sam's Blue"
                                                value="bg-sams-blue"/>
                                            <samslightblue
                                                jcr:primaryType="nt:unstructured"
                                                text="Sam's Light Blue"
                                                value="bg-sams-light-blue"/>
                                            <samsmediumblue
                                                jcr:primaryType="nt:unstructured"
                                                text="Sam's Medium Blue"
                                                value="bg-sams-medium-blue"/>
                                            <samsgreen
                                                jcr:primaryType="nt:unstructured"
                                                text="Sam's Green"
                                                value="bg-sams-green"/>
                                            <samslightorange
                                                jcr:primaryType="nt:unstructured"
                                                text="Sam's Light Orange"
                                                value="bg-sams-light-orange"/>
                                            <samsorange
                                                jcr:primaryType="nt:unstructured"
                                                text="Sam's Orange"
                                                value="bg-sams-orange"/>
                                            <samsred
                                                jcr:primaryType="nt:unstructured"
                                                text="Sam's Red"
                                                value="bg-sams-red"/>
                                            <samsdarkgray
                                                jcr:primaryType="nt:unstructured"
                                                text="Sam's Dark Gray"
                                                value="bg-sams-dark-gray"/>
                                            <avpgreen
                                                jcr:primaryType="nt:unstructured"
                                                text="AVP Green"
                                                value="bg-avp-green"/>
                                            <avporange
                                                jcr:primaryType="nt:unstructured"
                                                text="AVP Orange"
                                                value="bg-avp-orange"/>
                                            <avpred
                                                jcr:primaryType="nt:unstructured"
                                                text="AVP Red"
                                                value="bg-avp-red"/>
                                        </items>
                                    </color>
                                </items>
                            </configuration2>
                            <configuration3
                                jcr:primaryType="nt:unstructured"
                                jcr:title="4th Card"
                                sling:resourceType="granite/ui/components/foundation/section">
                                <items jcr:primaryType="nt:unstructured">
                                    <title
                                        jcr:primaryType="nt:unstructured"
                                        sling:resourceType="granite/ui/components/foundation/form/textfield"
                                        fieldLabel="Title"
                                        name="./title4thTile"/>
                                    <description
                                        jcr:primaryType="nt:unstructured"
                                        sling:resourceType="cq/gui/components/authoring/dialog/richtext"
                                        fieldLabel="Description"
                                        name="./description4thTile"
                                        useFixedInlineToolbar="{Boolean}true">
                                        <rtePlugins jcr:primaryType="nt:unstructured"/>
                                    </description>
                                    <icon
                                        jcr:primaryType="nt:unstructured"
                                        sling:resourceType="acs-commons/components/authoring/graphiciconselect"
                                        fieldLabel="Icon"
                                        name="./icon4thTile">
                                        <datasource
                                            jcr:primaryType="nt:unstructured"
                                            sling:resourceType="acs-commons/components/utilities/genericlist/datasource"
                                            path="/etc/acs-commons/lists/font-awesome-icons"/>
                                    </icon>
                                    <image
                                        jcr:primaryType="nt:unstructured"
                                        sling:resourceType="granite/ui/components/foundation/form/fileupload"
                                        allowUpload="{Boolean}false"
                                        autoStart="{Boolean}false"
                                        class="cq-droptarget"
                                        ddGroups="media"
                                        fieldLabel="Image"
                                        fieldDescription="Ideal dimensions: 682px X 502px"
                                        fileNameParameter="./fileName4thTile"
                                        fileReferenceParameter="./fileReference4thTile"
                                        mimeTypes="[image]"
                                        multiple="{Boolean}false"
                                        name="./file4thTile"
                                        title="Image"
                                        uploadUrl="${suffix.path}"
                                        useHTML5="{Boolean}true"/>
                                    <ctaText
                                        jcr:primaryType="nt:unstructured"
                                        sling:resourceType="granite/ui/components/foundation/form/textfield"
                                        fieldLabel="Link Text"
                                        name="./ctaText4thTile"/>
                                    <path
                                        jcr:primaryType="nt:unstructured"
                                        sling:resourceType="granite/ui/components/foundation/form/pathbrowser"
                                        fieldLabel="CTA Link&#x9;"
                                        name="./ctaPath4thTile"
                                        rootPath="/content"/>
                                    <target
                                        jcr:primaryType="nt:unstructured"
                                        sling:resourceType="granite/ui/components/foundation/form/select"
                                        fieldLabel="Target"
                                        name="./ctaTarget4thTile">
                                        <items jcr:primaryType="nt:unstructured">
                                            <self
                                                jcr:primaryType="nt:unstructured"
                                                text="This Window"
                                                value="_self"/>
                                            <blank
                                                jcr:primaryType="nt:unstructured"
                                                text="New Window"
                                                value="_blank"/>
                                        </items>
                                    </target>
                                    <color
                                        jcr:primaryType="nt:unstructured"
                                        sling:resourceType="granite/ui/components/foundation/form/select"
                                        fieldLabel="Color"
                                        name="./color4thTile">
                                        <items jcr:primaryType="nt:unstructured">
                                            <transparent
                                                jcr:primaryType="nt:unstructured"
                                                text="Transparent"
                                                value="bg-transparent"/>
                                            <white
                                                jcr:primaryType="nt:unstructured"
                                                text="White"
                                                value="bg-white"/>
                                            <blue
                                                jcr:primaryType="nt:unstructured"
                                                selected="true"
                                                text="Blue"
                                                value="bg-blue"/>
                                            <lightblue
                                                jcr:primaryType="nt:unstructured"
                                                text="Light Blue"
                                                value="bg-light-blue"/>
                                            <orange
                                                jcr:primaryType="nt:unstructured"
                                                text="Orange"
                                                value="bg-orange"/>
                                            <lightOrange
                                                jcr:primaryType="nt:unstructured"
                                                text="Light orange"
                                                value="bg-light-orange"/>
                                            <green
                                                jcr:primaryType="nt:unstructured"
                                                text="Green"
                                                value="bg-green"/>
                                            <lightGreen
                                                jcr:primaryType="nt:unstructured"
                                                text="Light green"
                                                value="bg-light-green"/>
                                            <gray
                                                jcr:primaryType="nt:unstructured"
                                                text="Gray"
                                                value="bg-gray"/>
                                            <coral
                                                jcr:primaryType="nt:unstructured"
                                                text="Coral"
                                                value="bg-coral"/>
                                            <samsblue
                                                jcr:primaryType="nt:unstructured"
                                                text="Sam's Blue"
                                                value="bg-sams-blue"/>
                                            <samslightblue
                                                jcr:primaryType="nt:unstructured"
                                                text="Sam's Light Blue"
                                                value="bg-sams-light-blue"/>
                                            <samsmediumblue
                                                jcr:primaryType="nt:unstructured"
                                                text="Sam's Medium Blue"
                                                value="bg-sams-medium-blue"/>
                                            <samsgreen
                                                jcr:primaryType="nt:unstructured"
                                                text="Sam's Green"
                                                value="bg-sams-green"/>
                                            <samslightorange
                                                jcr:primaryType="nt:unstructured"
                                                text="Sam's Light Orange"
                                                value="bg-sams-light-orange"/>
                                            <samsorange
                                                jcr:primaryType="nt:unstructured"
                                                text="Sam's Orange"
                                                value="bg-sams-orange"/>
                                            <samsred
                                                jcr:primaryType="nt:unstructured"
                                                text="Sam's Red"
                                                value="bg-sams-red"/>
                                            <samsdarkgray
                                                jcr:primaryType="nt:unstructured"
                                                text="Sam's Dark Gray"
                                                value="bg-sams-dark-gray"/>
                                            <avpgreen
                                                jcr:primaryType="nt:unstructured"
                                                text="AVP Green"
                                                value="bg-avp-green"/>
                                            <avporange
                                                jcr:primaryType="nt:unstructured"
                                                text="AVP Orange"
                                                value="bg-avp-orange"/>
                                            <avpred
                                                jcr:primaryType="nt:unstructured"
                                                text="AVP Red"
                                                value="bg-avp-red"/>
                                        </items>
                                    </color>
                                </items>
                            </configuration3>
                        </items>
                    </tabs>
                </items>
            </column>
        </items>
    </content>
</jcr:root>
