<?xml version="1.0" encoding="UTF-8"?>
<jcr:root xmlns:sling="http://sling.apache.org/jcr/sling/1.0" xmlns:cq="http://www.day.com/jcr/cq/1.0" xmlns:jcr="http://www.jcp.org/jcr/1.0" xmlns:nt="http://www.jcp.org/jcr/nt/1.0" xmlns:rep="internal"
    jcr:mixinTypes="[rep:AccessControllable]"
    jcr:primaryType="cq:Page">
    <foundation jcr:primaryType="nt:unstructured">
        <components jcr:primaryType="nt:unstructured">
            <parsys jcr:primaryType="nt:unstructured">
                <colctrl jcr:primaryType="nt:unstructured">
                    <policy_1512541650663
                        jcr:lastModified="{Date}2017-12-05T22:28:43.479-08:00"
                        jcr:lastModifiedBy="admin"
                        jcr:primaryType="nt:unstructured"
                        jcr:title="column.control.1"
                        sling:resourceType="wcm/core/components/policy/policy"
                        layouts="P Q">
                        <jcr:content jcr:primaryType="nt:unstructured"/>
                    </policy_1512541650663>
                </colctrl>
            </parsys>
        </components>
    </foundation>
    <wcm jcr:primaryType="nt:unstructured">
        <foundation jcr:primaryType="nt:unstructured">
            <components jcr:primaryType="nt:unstructured">
                <responsivegrid jcr:primaryType="nt:unstructured">
                    <policy_27170108177792
                        jcr:lastModified="{Date}2018-06-21T15:32:12.931-07:00"
                        jcr:lastModifiedBy="admin"
                        jcr:primaryType="nt:unstructured"
                        sling:resourceType="wcm/core/components/policy/policy"
                        components="[/apps/intranet/components/content/alertsDisplay,/apps/intranet/components/content/breadcrumb]">
                        <jcr:content jcr:primaryType="nt:unstructured"/>
                    </policy_27170108177792>
                    <policy_1529620346299
                        jcr:lastModified="{Date}2018-06-21T15:32:55.369-07:00"
                        jcr:lastModifiedBy="admin"
                        jcr:primaryType="nt:unstructured"
                        jcr:title="Intranet.BusinessDefault"
                        sling:resourceType="wcm/core/components/policy/policy"
                        components="[/apps/intranet/components/content/alerts,/apps/intranet/components/content/breadcrumb]">
                        <jcr:content jcr:primaryType="nt:unstructured"/>
                    </policy_1529620346299>
                    <policy_1524176009773
                        jcr:lastModified="{Date}2018-06-28T14:00:23.672-07:00"
                        jcr:lastModifiedBy="admin"
                        jcr:primaryType="nt:unstructured"
                        jcr:title="intranet.business"
                        sling:resourceType="wcm/core/components/policy/policy"
                        components="[/apps/intranet/components/content/overlay-image,/apps/intranet/components/content/alertsDisplay,/apps/intranet/components/content/allnews,/apps/intranet/components/content/carousel,/apps/intranet/components/content/collapsibleText,/apps/intranet/components/content/contact,/apps/intranet/components/content/contactList,/apps/intranet/components/content/feed,/apps/intranet/components/content/text,/apps/intranet/components/content/video,/apps/intranet/components/content/horizontalRelatedPages,/apps/intranet/components/content/breadcrumb,/apps/intranet/components/content/fourBox,/apps/intranet/components/content/image,/apps/intranet/components/content/linkList,/apps/intranet/components/content/metadata,/apps/intranet/components/content/newsForYou,/apps/intranet/components/content/pastPolls,/apps/intranet/components/content/poll,/apps/intranet/components/content/pollDisplay,/apps/intranet/components/content/quickLink,/apps/intranet/components/content/relatedpages,/apps/intranet/components/content/social-page-share,/apps/intranet/components/content/stockTicker,/apps/intranet/components/content/synopsis,/apps/intranet/components/content/tile,/apps/intranet/components/content/tileContainer,/apps/intranet/components/content/title,/apps/intranet/components/content/titleWithLink,group:Intranet.Forms]">
                        <jcr:content jcr:primaryType="nt:unstructured"/>
                    </policy_1524176009773>
                    <policy_1512602364303
                        jcr:description="Text Image Contact Metadata"
                        jcr:lastModified="{Date}2017-12-06T15:20:11.801-08:00"
                        jcr:lastModifiedBy="admin"
                        jcr:primaryType="nt:unstructured"
                        jcr:title="Article.Body"
                        sling:resourceType="wcm/core/components/policy/policy"
                        components="[/apps/intranet/components/content/contact,/apps/intranet/components/content/text,/apps/intranet/components/content/video,/apps/intranet/components/content/image,/apps/intranet/components/content/metadata]">
                        <jcr:content jcr:primaryType="nt:unstructured"/>
                    </policy_1512602364303>
                    <policy_1512602423840
                        jcr:description="Related Articles, Text, Image"
                        jcr:lastModified="{Date}2017-12-09T19:24:28.158-08:00"
                        jcr:lastModifiedBy="admin"
                        jcr:primaryType="nt:unstructured"
                        jcr:title="Article.RightPanel"
                        sling:resourceType="wcm/core/components/policy/policy"
                        components="[/apps/intranet/components/content/contact,/apps/intranet/components/content/tile,/apps/intranet/components/content/tileContainer,/apps/intranet/components/content/contactList,/apps/intranet/components/content/text,/apps/intranet/components/content/image,/apps/intranet/components/content/linkList,/apps/intranet/components/content/pollDisplay,/apps/intranet/components/content/relatedpages]">
                        <jcr:content jcr:primaryType="nt:unstructured"/>
                    </policy_1512602423840>
                    <policy_104901894072545
                        jcr:lastModified="{Date}2017-11-08T16:26:24.928-08:00"
                        jcr:lastModifiedBy="admin"
                        jcr:primaryType="nt:unstructured"
                        jcr:title="Intranet.Structure"
                        sling:resourceType="wcm/core/components/policy/policy"
                        components="[/libs/wcm/foundation/components/responsivegrid,group:Intranet.Structure]">
                        <jcr:content jcr:primaryType="nt:unstructured"/>
                    </policy_104901894072545>
                    <policy_108608192325504
                        jcr:lastModified="{Date}2018-08-03T12:23:08.565-07:00"
                        jcr:lastModifiedBy="admin"
                        jcr:primaryType="nt:unstructured"
                        jcr:title="Intranet.Content"
                        sling:resourceType="wcm/core/components/policy/policy"
                        components="[/libs/wcm/foundation/components/responsivegrid,/apps/intranet/components/content/overlay-image,/apps/intranet/components/content/alerts,/apps/intranet/components/content/alertsDisplay,/apps/intranet/components/content/alertsReport,/apps/intranet/components/content/allnews,/apps/intranet/components/content/video,/apps/intranet/components/content/collapsibleText,/apps/intranet/components/content/comments,/apps/intranet/components/content/contact,/apps/intranet/components/content/contactList,/apps/intranet/components/content/text,/apps/intranet/components/content/homeRow,/apps/intranet/components/content/horizontalRelatedPages,/apps/intranet/components/content/breadcrumb,/apps/intranet/components/content/fourBox,/apps/intranet/components/content/image,/apps/intranet/components/content/mainBanner,/apps/intranet/components/content/userTags,/apps/intranet/components/content/linkList,/apps/intranet/components/content/metadata,/apps/intranet/components/content/pageLike,/apps/intranet/components/content/pastPolls,/apps/intranet/components/content/poll,/apps/intranet/components/content/quickLink,/apps/intranet/components/content/relatedpages,/apps/intranet/components/content/searchResults,/apps/intranet/components/content/social-page-share,/apps/intranet/components/content/stockTicker,/apps/intranet/components/content/synopsis,/apps/intranet/components/content/tile,/apps/intranet/components/content/tileContainer,/apps/intranet/components/content/title,/apps/intranet/components/content/titleWithLink,/apps/intranet/components/content/newsIndex,group:Intranet.Forms]">
                        <jcr:content jcr:primaryType="nt:unstructured"/>
                    </policy_108608192325504>
                    <policy_1512876150927
                        jcr:lastModified="{Date}2018-06-29T12:45:26.278-07:00"
                        jcr:lastModifiedBy="admin"
                        jcr:primaryType="nt:unstructured"
                        jcr:title="Articles.Body"
                        sling:resourceType="wcm/core/components/policy/policy"
                        components="[/libs/wcm/foundation/components/responsivegrid,/apps/intranet/components/content/overlay-image,/apps/intranet/components/content/video,/apps/intranet/components/content/alertsDisplay,/apps/intranet/components/content/collapsibleText,/apps/intranet/components/content/comments,/apps/intranet/components/content/tile,/apps/intranet/components/content/tileContainer,/apps/intranet/components/content/contact,/apps/intranet/components/content/contactList,/apps/intranet/components/content/text,/apps/intranet/components/content/breadcrumb,/apps/intranet/components/content/image,/apps/intranet/components/content/linkList,/apps/intranet/components/content/metadata,/apps/intranet/components/content/pageLike,/apps/intranet/components/content/pollDisplay,/apps/intranet/components/content/quickLink,/apps/intranet/components/content/relatedpages,/apps/intranet/components/content/synopsis,group:Intranet.Forms]">
                        <jcr:content jcr:primaryType="nt:unstructured"/>
                    </policy_1512876150927>
                    <policy_1531503926550
                        jcr:lastModified="{Date}2018-09-21T12:05:11.503-07:00"
                        jcr:lastModifiedBy="admin"
                        jcr:primaryType="nt:unstructured"
                        jcr:title="Intranet.Home"
                        sling:resourceType="wcm/core/components/policy/policy"
                        components="[/libs/wcm/foundation/components/responsivegrid,group:Intranet.Content,group:Intranet.Forms]">
                        <jcr:content jcr:primaryType="nt:unstructured"/>
                    </policy_1531503926550>
                </responsivegrid>
            </components>
        </foundation>
    </wcm>
    <intranet jcr:primaryType="nt:unstructured">
        <components jcr:primaryType="nt:unstructured">
            <content jcr:primaryType="nt:unstructured">
                <forms jcr:primaryType="nt:unstructured">
                    <formContainer jcr:primaryType="nt:unstructured"/>
                </forms>
                <horizontalRelatedPages jcr:primaryType="nt:unstructured"/>
                <breadcrumb jcr:primaryType="nt:unstructured">
                    <policy_1531282947591
                        jcr:lastModified="{Date}2018-07-10T21:22:36.228-07:00"
                        jcr:lastModifiedBy="admin"
                        jcr:primaryType="nt:unstructured"
                        sling:resourceType="wcm/core/components/policy/policy"
                        hideCurrent="false"
                        showHidden="false"
                        startLevel="3">
                        <jcr:content jcr:primaryType="nt:unstructured"/>
                    </policy_1531282947591>
                    <policy_1531322066997
                        jcr:lastModified="{Date}2018-07-11T08:19:11.355-07:00"
                        jcr:lastModifiedBy="admin"
                        jcr:primaryType="nt:unstructured"
                        jcr:title="Intranet.breadcrumb"
                        sling:resourceType="wcm/core/components/policy/policy"
                        hideCurrent="false"
                        showHidden="false"
                        startLevel="3">
                        <jcr:content jcr:primaryType="nt:unstructured"/>
                    </policy_1531322066997>
                </breadcrumb>
                <relatedpages jcr:primaryType="nt:unstructured"/>
                <image jcr:primaryType="nt:unstructured">
                    <policy_1511064012160
                        jcr:description="Allow orientation control. No cropping. No uploading."
                        jcr:lastModified="{Date}2017-11-18T20:01:37.683-08:00"
                        jcr:lastModifiedBy="admin"
                        jcr:primaryType="nt:unstructured"
                        jcr:title="Intranet.Image.Policy.1"
                        sling:resourceType="wcm/core/components/policy/policy"
                        allowUpload="false">
                        <jcr:content jcr:primaryType="nt:unstructured"/>
                        <plugins jcr:primaryType="nt:unstructured">
                            <crop
                                jcr:primaryType="nt:unstructured"
                                features="-">
                                <aspectRatios jcr:primaryType="nt:unstructured">
                                    <item0
                                        jcr:primaryType="nt:unstructured"
                                        name="Wide Landscape"
                                        ratio="0.6180"/>
                                    <item1
                                        jcr:primaryType="nt:unstructured"
                                        name="Landscape"
                                        ratio="0.8284"/>
                                    <item2
                                        jcr:primaryType="nt:unstructured"
                                        name="Square"
                                        ratio="1"/>
                                    <item3
                                        jcr:primaryType="nt:unstructured"
                                        name="Portrait"
                                        ratio="1.6180"/>
                                </aspectRatios>
                            </crop>
                            <rotate
                                jcr:primaryType="nt:unstructured"
                                features="right"/>
                            <flip
                                jcr:primaryType="nt:unstructured"
                                features="horizontal,vertical"/>
                        </plugins>
                    </policy_1511064012160>
                </image>
                <text jcr:primaryType="nt:unstructured">
                    <policy_1510811302592
                        jcr:description="No H1&#xd;&#xa;Add more details as its finalized"
                        jcr:lastModified="{Date}2018-09-21T12:15:42.981-07:00"
                        jcr:lastModifiedBy="admin"
                        jcr:primaryType="nt:unstructured"
                        jcr:title="Text.Policy.1"
                        sling:resourceType="wcm/core/components/policy/policy">
                        <jcr:content jcr:primaryType="nt:unstructured"/>
                        <rtePlugins jcr:primaryType="nt:unstructured">
                            <paraformat
                                jcr:primaryType="nt:unstructured"
                                features="*">
                                <formats
                                    jcr:primaryType="nt:unstructured"
                                    override="true">
                                    <item0
                                        jcr:primaryType="nt:unstructured"
                                        description="Paragraph"
                                        tag="p"/>
                                    <item1
                                        jcr:primaryType="nt:unstructured"
                                        description="Heading 2"
                                        tag="h2"/>
                                    <item2
                                        jcr:primaryType="nt:unstructured"
                                        description="Heading 3"
                                        tag="h3"/>
                                    <item3
                                        jcr:primaryType="nt:unstructured"
                                        description="Heading 4"
                                        tag="h4"/>
                                    <item4
                                        jcr:primaryType="nt:unstructured"
                                        description="Heading 5"
                                        tag="h5"/>
                                    <item5
                                        jcr:primaryType="nt:unstructured"
                                        description="Heading 6"
                                        tag="h6"/>
                                    <item6
                                        jcr:primaryType="nt:unstructured"
                                        description="Quote"
                                        tag="blockquote"/>
                                    <item7
                                        jcr:primaryType="nt:unstructured"
                                        description="Preformatted"
                                        tag="pre"/>
                                </formats>
                            </paraformat>
                            <misctools
                                jcr:primaryType="nt:unstructured"
                                features="sourceedit,specialchars">
                                <specialCharsConfig jcr:primaryType="nt:unstructured">
                                    <chars
                                        jcr:primaryType="nt:unstructured"
                                        override="true">
                                        <item0
                                            jcr:primaryType="nt:unstructured"
                                            entity="&amp;copy;"
                                            name="copyright"/>
                                        <item1
                                            jcr:primaryType="nt:unstructured"
                                            entity="&amp;euro;"
                                            name="euro"/>
                                        <item2
                                            jcr:primaryType="nt:unstructured"
                                            entity="&amp;reg;"
                                            name="registered"/>
                                        <item3
                                            jcr:primaryType="nt:unstructured"
                                            entity="&amp;trade;"
                                            name="trademark"/>
                                    </chars>
                                </specialCharsConfig>
                            </misctools>
                            <edit
                                jcr:primaryType="nt:unstructured"
                                features="paste-plaintext,paste-wordhtml"/>
                            <spellcheck
                                jcr:primaryType="nt:unstructured"
                                features="*"/>
                            <lists
                                jcr:primaryType="nt:unstructured"
                                features="*"/>
                            <format
                                jcr:primaryType="nt:unstructured"
                                features="bold,italic,underline"/>
                            <links
                                jcr:primaryType="nt:unstructured"
                                features="modifylink,unlink"/>
                            <findreplace
                                jcr:primaryType="nt:unstructured"
                                features="*"/>
                            <table
                                jcr:primaryType="nt:unstructured"
                                features="*"/>
                            <justify
                                jcr:primaryType="nt:unstructured"
                                features="*"/>
                            <subsuperscript
                                jcr:primaryType="nt:unstructured"
                                features="*"/>
                        </rtePlugins>
                    </policy_1510811302592>
                </text>
                <title jcr:primaryType="nt:unstructured">
                    <policy_1510811613948
                        jcr:description="H1 Default"
                        jcr:lastModified="{Date}2017-11-15T21:53:52.938-08:00"
                        jcr:lastModifiedBy="admin"
                        jcr:primaryType="nt:unstructured"
                        jcr:title="Title.H1"
                        sling:resourceType="wcm/core/components/policy/policy"
                        type="h1">
                        <jcr:content jcr:primaryType="nt:unstructured"/>
                    </policy_1510811613948>
                </title>
                <tileContainer jcr:primaryType="nt:unstructured">
                    <policy_1537488460479
                        jcr:lastModified="{Date}2018-09-20T17:08:09.299-07:00"
                        jcr:lastModifiedBy="admin"
                        jcr:primaryType="nt:unstructured"
                        jcr:title="testing tile"
                        sling:resourceType="wcm/core/components/policy/policy"
                        components="/apps/intranet/components/content/alerts">
                        <jcr:content jcr:primaryType="nt:unstructured"/>
                    </policy_1537488460479>
                </tileContainer>
            </content>
            <structure jcr:primaryType="nt:unstructured">
                <header jcr:primaryType="nt:unstructured">
                    <policy_1532369940346
                        jcr:lastModified="{Date}2018-07-23T15:16:30.242-07:00"
                        jcr:lastModifiedBy="admin"
                        jcr:primaryType="nt:unstructured"
                        jcr:title="Intranet Header"
                        sling:resourceType="wcm/core/components/policy/policy"
                        startLevel="2"
                        startPath="/content/intranet/en-US/home">
                        <jcr:content jcr:primaryType="nt:unstructured"/>
                    </policy_1532369940346>
                </header>
            </structure>
        </components>
    </intranet>
</jcr:root>