<?xml version="1.0" encoding="UTF-8"?>
<jcr:root xmlns:sling="http://sling.apache.org/jcr/sling/1.0" xmlns:granite="http://www.adobe.com/jcr/granite/1.0" xmlns:cq="http://www.day.com/jcr/cq/1.0" xmlns:jcr="http://www.jcp.org/jcr/1.0" xmlns:nt="http://www.jcp.org/jcr/nt/1.0"
    jcr:primaryType="nt:unstructured"
    jcr:title="News For You"
    sling:resourceType="cq/gui/components/authoring/dialog">
    <content
        jcr:primaryType="nt:unstructured"
	        sling:resourceType="granite/ui/components/coral/foundation/container">
	        <items jcr:primaryType="nt:unstructured">
	            <fixedcolums
	                jcr:primaryType="nt:unstructured"
	                sling:resourceType="granite/ui/components/coral/foundation/fixedcolumns">
	                <items jcr:primaryType="nt:unstructured">
	                    <properties
	                        jcr:primaryType="nt:unstructured"
	                        jcr:title="News For You Properties"
	                        sling:resourceType="granite/ui/components/coral/foundation/container">
	                        <items jcr:primaryType="nt:unstructured">
	                        	 <title
                                    jcr:primaryType="nt:unstructured"
                                    sling:resourceType="granite/ui/components/coral/foundation/form/textfield"
                                    fieldLabel="Title"
                                    name="./newsName"/>
		                         <tags
	                                jcr:primaryType="nt:unstructured"
	                                sling:resourceType="cq/gui/components/common/tagspicker"
	                                fieldDescription="Select tags to exclude featured articles from the display list"
	                                fieldLabel="Exclude Tags"
	                                class="tagspickerclass"
	                                eaemMaxTags="1"
	                                validation="eaem.max.tags"
	                                name="./selectedtags"/>
	                            <alltags
	                                jcr:primaryType="nt:unstructured"
	                                sling:resourceType="cq/gui/components/common/tagspicker"
	                                fieldDescription="Select tag to include articles for all users"
	                                fieldLabel="Include Tags"
	                                class="tagspickerclass"
	                                eaemMaxTags="1"
	                                validation="eaem.max.tags"
	                                name="./alltags"/>   
	                            <results
	                                jcr:primaryType="nt:unstructured"
	                                sling:resourceType="granite/ui/components/coral/foundation/form/numberfield"
	                                fieldDescription="Select the max number of articles to be shown"
	                                fieldLabel="Number of Articles"
	                                max="60"
	                                min="1"
	                                value="30"
	                                step="1"
	                                name="./results"/>    
	                            <buttonLinkTo
	                                jcr:primaryType="nt:unstructured"
	                                sling:resourceType="granite/ui/components/coral/foundation/form/pathfield"
	                                fieldLabel="Browse All News"
	                                name="./newsLink"
	                                rootPath="/content/intranet"
	                                suffix=".html"/>   
	                            <buttonLinkTitle
                                    jcr:primaryType="nt:unstructured"
                                    sling:resourceType="granite/ui/components/coral/foundation/form/textfield"
                                    fieldLabel="Browse all News Title"
                                    name="./allNewsName"/>              
	                        </items>
	                    </properties>
	                </items>
	            </fixedcolums>
	        </items>
    </content>
</jcr:root>