<?xml version="1.0" encoding="UTF-8"?>
<jcr:root 
    xmlns:sling="http://sling.apache.org/jcr/sling/1.0"
	xmlns:cq="http://www.day.com/jcr/cq/1.0" 
	xmlns:jcr="http://www.jcp.org/jcr/1.0" 
	xmlns:nt="http://www.jcp.org/jcr/nt/1.0"
    jcr:primaryType="nt:unstructured"
    jcr:title="Contact List"
    sling:resourceType="cq/gui/components/authoring/dialog">
    <content
		jcr:primaryType="nt:unstructured"
		sling:resourceType="granite/ui/components/coral/foundation/container">
		<items jcr:primaryType="nt:unstructured">
			<tabs
				jcr:primaryType="nt:unstructured"
				jcr:title="Contact List"
				sling:resourceType="granite/ui/components/coral/foundation/tabs"
				maximized="{Boolean}true">
					<items jcr:primaryType="nt:unstructured">
						<contactlist
							jcr:primaryType="nt:unstructured"
							jcr:title="Contact List"
							sling:resourceType="granite/ui/components/coral/foundation/fixedcolumns"
							margin="{Boolean}true">
							<items jcr:primaryType="nt:unstructured">
								<column
									jcr:primaryType="nt:unstructured"
									sling:resourceType="granite/ui/components/coral/foundation/container">
									<items jcr:primaryType="nt:unstructured">
										<header
											jcr:primaryType="nt:unstructured" 
											sling:resourceType="granite/ui/components/coral/foundation/form/textfield"
											fieldDescription="Enter Header"
											fieldLabel="Enter Header"
											name="./header"/>
										<contactlistdetails
                                        	jcr:primaryType="nt:unstructured"
                                        	sling:resourceType="granite/ui/components/coral/foundation/form/multifield"
                                        	class="full-width"
                                        	fieldDescription="Click 'Add Field' to add a new Contact"
                                        	fieldLabel="Contact"
                                        	composite="{Boolean}true">
											<field
												jcr:primaryType="nt:unstructured"
												sling:resourceType="granite/ui/components/coral/foundation/container"
												name="./contacts">
												<items jcr:primaryType="nt:unstructured">
						                            <name
						                                jcr:primaryType="nt:unstructured"
						                                sling:resourceType="granite/ui/components/coral/foundation/form/textfield"
						                                emptyText="Name of Contact"
						                                fieldLabel="Contact's Name"
						                                name="./contactname"/>
						                            <title
						                                jcr:primaryType="nt:unstructured"
						                                sling:resourceType="granite/ui/components/coral/foundation/form/textfield"
						                                emptyText="Contact Title"
						                                fieldLabel="Contact's Title"
						                                name="./title"/>
						                            <phone
						                                jcr:primaryType="nt:unstructured"
						                                sling:resourceType="granite/ui/components/coral/foundation/form/textfield"
						                                emptyText="Phone Number of Contact"
						                                fieldLabel="Contact's Phone Number"
						                                name="./phone"/>
						                            <extension
						                                jcr:primaryType="nt:unstructured"
						                                sling:resourceType="granite/ui/components/coral/foundation/form/textfield"
						                                emptyText="Phone Number Extension of Contact"
						                                fieldLabel="Contact's Phone Number Extension"
						                                name="./extension"/>
						                            <email
						                                jcr:primaryType="nt:unstructured"
						                                sling:resourceType="granite/ui/components/coral/foundation/form/textfield"
						                                emptyText="Email of Contact"
						                                fieldLabel="Contact's Email"
						                                name="./email"/>
						                        </items>												
											</field>
										</contactlistdetails>
									</items>
								</column>
							</items>
					</contactlist>
				</items>
			</tabs>
		</items>
	</content>
</jcr:root>